		fls					sls					
runname	id	nDCG@0005	D#nDCG@0005	I-rec@0005	runname	id	nDCG@0050	D#nDCG@0050	I-rec@0050			
CNU-S-C-1A	1	0.7459	0.6592	0.6	CNU-S-C-1A	1	0.2799	0.3085	0.3571	CNU-S-C-1A	1	0.777777778
CNU-S-C-1A	2	0.5544	0.4554	0.4	CNU-S-C-1A	2	0.3116	0.3567	0.4286	CNU-S-C-1A	2	0.75
CNU-S-C-1A	3	0.7638	0.6616	0.6	CNU-S-C-1A	3	0.3547	0.3536	0.3846	CNU-S-C-1A	3	0.722222222
CNU-S-C-1A	4	0.7741	0.6299	0.5	CNU-S-C-1A	4	0.2197	0.1217	0.05	CNU-S-C-1A	4	1
CNU-S-C-1A	5	0.7121	0.6479	0.6	CNU-S-C-1A	5	0.2481	0.2167	0.1905	CNU-S-C-1A	5	0.722222222
CNU-S-C-1A	6	0.9491	0.6854	0.4	CNU-S-C-1A	6	0.2688	0.2742	0.3	CNU-S-C-1A	6	0.4
CNU-S-C-1A	7	0.3309	0.447	0.5	CNU-S-C-1A	7	0.0632	0.0555	0.0435	CNU-S-C-1A	7	0
CNU-S-C-1A	8	0.3215	0.4431	0.5	CNU-S-C-1A	8	0.0729	0.2888	0.5	CNU-S-C-1A	8	0
CNU-S-C-1A	9	0.3188	0.2211	0.2	CNU-S-C-1A	9	0.0632	0.0663	0.0769	CNU-S-C-1A	9	0.333333333
CNU-S-C-1A	10	0.5252	0.5151	0.5	CNU-S-C-1A	10	0.1114	0.1789	0.25	CNU-S-C-1A	10	0.5
CNU-S-C-1A	11	0.8337	0.7656	0.75	CNU-S-C-1A	11	0.2619	0.242	0.25	CNU-S-C-1A	11	0.416666667
CNU-S-C-1A	12	0.2841	0.4209	0.5	CNU-S-C-1A	12	0.2324	0.2036	0.2	CNU-S-C-1A	12	0.714285714
CNU-S-C-1A	13	0.8847	0.9374	1	CNU-S-C-1A	13	0.3633	0.6675	1	CNU-S-C-1A	13	0.716666667
CNU-S-C-1A	14	0.8206	0.6542	0.5	CNU-S-C-1A	14	0.3715	0.2103	0.08	CNU-S-C-1A	14	0.75
CNU-S-C-1A	15	0.7387	0.8639	1	CNU-S-C-1A	15	0.2997	0.282	0.2941	CNU-S-C-1A	15	0.875
CNU-S-C-1A	16	0.5656	0.3788	0.2	CNU-S-C-1A	16	0.0964	0.0749	0.0682	CNU-S-C-1A	16	0.333333333
CNU-S-C-1A	17	0	0	0	CNU-S-C-1A	17	0.0561	0.0491	0.05	CNU-S-C-1A	17	0.333333333
CNU-S-C-1A	18	0	0	0	CNU-S-C-1A	18	0	0	0	CNU-S-C-1A	18	0
CNU-S-C-1A	19	0.7181	0.6015	0.5	CNU-S-C-1A	19	0.3176	0.2341	0.1765	CNU-S-C-1A	19	0.571428571
CNU-S-C-1A	20	0.8592	0.7309	0.6	CNU-S-C-1A	20	0.2407	0.3094	0.4	CNU-S-C-1A	20	0.6875
CNU-S-C-1A	21	0	0	0	CNU-S-C-1A	21	0.1618	0.1722	0.2	CNU-S-C-1A	21	0.111111111
CNU-S-C-1A	22	0.4408	0.438	0.5	CNU-S-C-1A	22	0.2946	0.2478	0.2222	CNU-S-C-1A	22	0.477777778
CNU-S-C-1A	23	0.2681	0.4116	0.5	CNU-S-C-1A	23	0.1656	0.1644	0.1875	CNU-S-C-1A	23	1
CNU-S-C-1A	24	0	0	0	CNU-S-C-1A	24	0.1456	0.1631	0.2	CNU-S-C-1A	24	0.888888889
CNU-S-C-1A	25	0.3693	0.3217	0.2	CNU-S-C-1A	25	0.0506	0.0724	0.0909	CNU-S-C-1A	25	1
CNU-S-C-1A	26	0.5868	0.5181	0.4	CNU-S-C-1A	26	0.1451	0.2201	0.3	CNU-S-C-1A	26	0.541666667
CNU-S-C-1A	27	0.6339	0.6427	0.6667	CNU-S-C-1A	27	0.3798	0.3746	0.4	CNU-S-C-1A	27	0.333333333
CNU-S-C-1A	28	0.8913	0.6908	0.5	CNU-S-C-1A	28	0.3512	0.2328	0.1481	CNU-S-C-1A	28	1
CNU-S-C-1A	29	0	0	0	CNU-S-C-1A	29	0.071	0.0911	0.12	CNU-S-C-1A	29	0
CNU-S-C-1A	30	0.3201	0.358	0.3333	CNU-S-C-1A	30	0.0304	0.1152	0.2	CNU-S-C-1A	30	0.230769231
CNU-S-C-1A	31	0.73	0.5229	0.3333	CNU-S-C-1A	31	0.1808	0.1901	0.2143	CNU-S-C-1A	31	0.777777778
CNU-S-C-1A	32	0.2623	0.284	0.25	CNU-S-C-1A	32	0.2887	0.2122	0.1538	CNU-S-C-1A	32	0.7
CNU-S-C-1A	33	0	0	1	CNU-S-C-1A	33	0	0	0	CNU-S-C-1A	33	0
CNU-S-C-2A	1	0.5535	0.4669	0.4	CNU-S-C-2A	1	0.2847	0.3094	0.3571	CNU-S-C-2A	1	0.5625
CNU-S-C-2A	2	0.6293	0.5044	0.4	CNU-S-C-2A	2	0.2951	0.3509	0.4286	CNU-S-C-2A	2	0.722222222
CNU-S-C-2A	3	0.8939	0.7441	0.6	CNU-S-C-2A	3	0.355	0.3579	0.3846	CNU-S-C-2A	3	0.821428571
CNU-S-C-2A	4	0.7741	0.6299	0.5	CNU-S-C-2A	4	0.1929	0.1101	0.05	CNU-S-C-2A	4	1
CNU-S-C-2A	5	0.7195	0.6684	0.6	CNU-S-C-2A	5	0.2324	0.2117	0.1905	CNU-S-C-2A	5	0.875
CNU-S-C-2A	6	0.6843	0.5459	0.4	CNU-S-C-2A	6	0.248	0.2634	0.3	CNU-S-C-2A	6	0.444444444
CNU-S-C-2A	7	0.566	0.7853	1	CNU-S-C-2A	7	0.0632	0.043	0.0435	CNU-S-C-2A	7	0
CNU-S-C-2A	8	0.3215	0.4431	0.5	CNU-S-C-2A	8	0.0729	0.2888	0.5	CNU-S-C-2A	8	0
CNU-S-C-2A	9	0.2391	0.1908	0.2	CNU-S-C-2A	9	0.0705	0.0672	0.0769	CNU-S-C-2A	9	0.333333333
CNU-S-C-2A	10	0.3776	0.2831	0.25	CNU-S-C-2A	10	0.0871	0.1694	0.25	CNU-S-C-2A	10	0.444444444
CNU-S-C-2A	11	0.5646	0.5091	0.5	CNU-S-C-2A	11	0.2597	0.2409	0.25	CNU-S-C-2A	11	0.6
CNU-S-C-2A	12	0.7559	0.8728	1	CNU-S-C-2A	12	0.2414	0.2081	0.2	CNU-S-C-2A	12	0.666666667
CNU-S-C-2A	13	0.734	0.7344	0.75	CNU-S-C-2A	13	0.3675	0.6698	1	CNU-S-C-2A	13	0.714285714
CNU-S-C-2A	14	0.7492	0.4924	0.25	CNU-S-C-2A	14	0.3639	0.2074	0.08	CNU-S-C-2A	14	0.916666667
CNU-S-C-2A	15	0.6701	0.6694	0.6667	CNU-S-C-2A	15	0.3227	0.2934	0.2941	CNU-S-C-2A	15	0.633333333
CNU-S-C-2A	16	0.5508	0.3698	0.2	CNU-S-C-2A	16	0.1255	0.0904	0.0682	CNU-S-C-2A	16	0.416666667
CNU-S-C-2A	17	0	0	0	CNU-S-C-2A	17	0.0561	0.0491	0.05	CNU-S-C-2A	17	0.333333333
CNU-S-C-2A	18	0	0	0	CNU-S-C-2A	18	0	0	0	CNU-S-C-2A	18	0
CNU-S-C-2A	19	0.7091	0.5972	0.5	CNU-S-C-2A	19	0.3149	0.2314	0.1765	CNU-S-C-2A	19	0.833333333
CNU-S-C-2A	20	0.5049	0.4491	0.4	CNU-S-C-2A	20	0.2562	0.3128	0.4	CNU-S-C-2A	20	0.3
CNU-S-C-2A	21	0.3016	0.3485	0.3333	CNU-S-C-2A	21	0.0531	0.0488	0.04	CNU-S-C-2A	21	0
CNU-S-C-2A	22	0.3383	0.2646	0.25	CNU-S-C-2A	22	0.2921	0.2465	0.2222	CNU-S-C-2A	22	0.916666667
CNU-S-C-2A	23	0.2681	0.4116	0.5	CNU-S-C-2A	23	0.1656	0.1644	0.1875	CNU-S-C-2A	23	1
CNU-S-C-2A	24	0	0	0	CNU-S-C-2A	24	0	0	0	CNU-S-C-2A	24	0
CNU-S-C-2A	25	0.3218	0.2933	0.2	CNU-S-C-2A	25	0.0506	0.0724	0.0909	CNU-S-C-2A	25	1
CNU-S-C-2A	26	0.7161	0.6461	0.6	CNU-S-C-2A	26	0.1437	0.2197	0.3	CNU-S-C-2A	26	0.583333333
CNU-S-C-2A	27	0.6919	0.6638	0.6667	CNU-S-C-2A	27	0.3787	0.3741	0.4	CNU-S-C-2A	27	1
CNU-S-C-2A	28	0.7246	0.6064	0.5	CNU-S-C-2A	28	0.3512	0.2328	0.1481	CNU-S-C-2A	28	0.916666667
CNU-S-C-2A	29	0	0	0	CNU-S-C-2A	29	0.0378	0.0402	0.04	CNU-S-C-2A	29	1
CNU-S-C-2A	30	0.657	0.4906	0.3333	CNU-S-C-2A	30	0.0919	0.1088	0.12	CNU-S-C-2A	30	0.3125
CNU-S-C-2A	31	0.7431	0.6945	0.6667	CNU-S-C-2A	31	0.1467	0.1822	0.2143	CNU-S-C-2A	31	0.888888889
CNU-S-C-2A	32	0.7688	0.6219	0.5	CNU-S-C-2A	32	0.2882	0.212	0.1538	CNU-S-C-2A	32	0.866666667
CNU-S-C-2A	33	0	0	0	CNU-S-C-2A	33	0	0	0	CNU-S-C-2A	33	0
CNU-S-C-3A	1	0.4709	0.3354	0.2	CNU-S-C-3A	1	0.2068	0.1958	0.2143	CNU-S-C-3A	1	0
CNU-S-C-3A	2	0.4135	0.3024	0.2	CNU-S-C-3A	2	0.2303	0.2822	0.3571	CNU-S-C-3A	2	0.625
CNU-S-C-3A	3	0.3462	0.3065	0.2	CNU-S-C-3A	3	0.2426	0.2225	0.2308	CNU-S-C-3A	3	0.4
CNU-S-C-3A	4	0.5311	0.756	1	CNU-S-C-3A	4	0.1362	0.0837	0.05	CNU-S-C-3A	4	1
CNU-S-C-3A	5	0.5959	0.4923	0.4	CNU-S-C-3A	5	0.2147	0.1855	0.1905	CNU-S-C-3A	5	0.916666667
CNU-S-C-3A	6	0.3133	0.2898	0.2	CNU-S-C-3A	6	0.2209	0.2254	0.25	CNU-S-C-3A	6	0.333333333
CNU-S-C-3A	7	0.566	0.7853	1	CNU-S-C-3A	7	0.0632	0.043	0.0435	CNU-S-C-3A	7	0
CNU-S-C-3A	8	0.5444	0.7702	1	CNU-S-C-3A	8	0.1421	0.5613	1	CNU-S-C-3A	8	0
CNU-S-C-3A	9	0.2391	0.1908	0.2	CNU-S-C-3A	9	0.0801	0.0699	0.0769	CNU-S-C-3A	9	0.5
CNU-S-C-3A	10	0.4603	0.3536	0.25	CNU-S-C-3A	10	0.1094	0.1032	0.125	CNU-S-C-3A	10	0.25
CNU-S-C-3A	11	0.6116	0.5372	0.5	CNU-S-C-3A	11	0.1457	0.1232	0.125	CNU-S-C-3A	11	0.5
CNU-S-C-3A	12	0.5917	0.793	1	CNU-S-C-3A	12	0.1003	0.0827	0.0667	CNU-S-C-3A	12	0.75
CNU-S-C-3A	13	0.5651	0.6535	0.75	CNU-S-C-3A	13	0.2181	0.4289	0.6667	CNU-S-C-3A	13	0.666666667
CNU-S-C-3A	14	0.5768	0.4097	0.25	CNU-S-C-3A	14	0.1918	0.1027	0.04	CNU-S-C-3A	14	1
CNU-S-C-3A	15	0.198	0.2857	0.3333	CNU-S-C-3A	15	0.2418	0.2233	0.2353	CNU-S-C-3A	15	0.4
CNU-S-C-3A	16	0.2828	0.2709	0.2	CNU-S-C-3A	16	0.0262	0.034	0.0455	CNU-S-C-3A	16	0.5
CNU-S-C-3A	17	0	0	0	CNU-S-C-3A	17	0	0	0	CNU-S-C-3A	17	0
CNU-S-C-3A	18	0.1247	0.2344	0.3333	CNU-S-C-3A	18	0.0311	0.0566	0.0833	CNU-S-C-3A	18	0
CNU-S-C-3A	19	0.5315	0.5135	0.5	CNU-S-C-3A	19	0.1453	0.1174	0.1176	CNU-S-C-3A	19	0.75
CNU-S-C-3A	20	0.2669	0.2615	0.2	CNU-S-C-3A	20	0.1687	0.1968	0.25	CNU-S-C-3A	20	0.166666667
CNU-S-C-3A	21	0.9288	0.8038	0.6667	CNU-S-C-3A	21	0.2418	0.2445	0.28	CNU-S-C-3A	21	0.133333333
CNU-S-C-3A	22	0.4123	0.3268	0.25	CNU-S-C-3A	22	0.1989	0.1426	0.1111	CNU-S-C-3A	22	0.833333333
CNU-S-C-3A	23	0.5079	0.4967	0.5	CNU-S-C-3A	23	0.1178	0.1164	0.125	CNU-S-C-3A	23	1
CNU-S-C-3A	24	0.735	0.5339	0.3333	CNU-S-C-3A	24	0.4485	0.5512	0.6571	CNU-S-C-3A	24	0.634509804
CNU-S-C-3A	25	0.3218	0.2933	0.2	CNU-S-C-3A	25	0.0506	0.0724	0.0909	CNU-S-C-3A	25	1
CNU-S-C-3A	26	0.214	0.2296	0.2	CNU-S-C-3A	26	0.14	0.1567	0.2	CNU-S-C-3A	26	0.4
CNU-S-C-3A	27	0.5096	0.5918	0.6667	CNU-S-C-3A	27	0.1818	0.2773	0.4	CNU-S-C-3A	27	1
CNU-S-C-3A	28	0.5544	0.525	0.5	CNU-S-C-3A	28	0.2098	0.1268	0.0741	CNU-S-C-3A	28	1
CNU-S-C-3A	29	0	0	0	CNU-S-C-3A	29	0.0378	0.0402	0.04	CNU-S-C-3A	29	1
CNU-S-C-3A	30	0.2628	0.3237	0.3333	CNU-S-C-3A	30	0	0.02	0.04	CNU-S-C-3A	30	0.4
CNU-S-C-3A	31	0.6958	0.6699	0.6667	CNU-S-C-3A	31	0.1682	0.1465	0.1429	CNU-S-C-3A	31	0
CNU-S-C-3A	32	0.5257	0.4991	0.5	CNU-S-C-3A	32	0.1562	0.1321	0.1154	CNU-S-C-3A	32	0.625
CNU-S-C-3A	33	0	0	0	CNU-S-C-3A	33	0	0	0	CNU-S-C-3A	33	0
CNU-S-C-4A	1	0.5054	0.4504	0.4	CNU-S-C-4A	1	0.1999	0.1942	0.2143	CNU-S-C-4A	1	0.833333333
CNU-S-C-4A	2	0.7175	0.6462	0.6	CNU-S-C-4A	2	0.3151	0.3214	0.3571	CNU-S-C-4A	2	0.8
CNU-S-C-4A	3	0.9818	0.6756	0.4	CNU-S-C-4A	3	0.3373	0.3446	0.3846	CNU-S-C-4A	3	0.133333333
CNU-S-C-4A	4	0	0.7615	0.5	CNU-S-C-4A	4	0.2488	0.1361	0.05	CNU-S-C-4A	4	0.9
CNU-S-C-4A	5	0.8517	0.6129	0.4	CNU-S-C-4A	5	0.2425	0.2345	0.2381	CNU-S-C-4A	5	0.52
CNU-S-C-4A	6	0.9237	0.7505	0.6	CNU-S-C-4A	6	0.2714	0.2979	0.35	CNU-S-C-4A	6	0.6
CNU-S-C-4A	7	0.566	0.7853	1	CNU-S-C-4A	7	0.0632	0.043	0.0435	CNU-S-C-4A	7	0
CNU-S-C-4A	8	0.2568	0.4043	0.5	CNU-S-C-4A	8	0.0729	0.2888	0.5	CNU-S-C-4A	8	0
CNU-S-C-4A	9	0.3207	0.3579	0.4	CNU-S-C-4A	9	0.058	0.0648	0.0769	CNU-S-C-4A	9	0
CNU-S-C-4A	10	0.3776	0.3358	0.25	CNU-S-C-4A	10	0.2001	0.2111	0.25	CNU-S-C-4A	10	0.2
CNU-S-C-4A	11	0.9449	0.9757	1	CNU-S-C-4A	11	0.3442	0.2803	0.25	CNU-S-C-4A	11	0.2
CNU-S-C-4A	12	0	0	1	CNU-S-C-4A	12	0.2429	0.2086	0.2	CNU-S-C-4A	12	0.8
CNU-S-C-4A	13	0.8921	0.941	1	CNU-S-C-4A	13	0.3462	0.6587	1	CNU-S-C-4A	13	0.72
CNU-S-C-4A	14	0.9789	0.6152	0.25	CNU-S-C-4A	14	0.3703	0.2098	0.08	CNU-S-C-4A	14	0.866666667
CNU-S-C-4A	15	0.7864	0.7142	0.6667	CNU-S-C-4A	15	0.3327	0.3289	0.3529	CNU-S-C-4A	15	0.55
CNU-S-C-4A	16	0.9791	0.6895	0.4	CNU-S-C-4A	16	0.1172	0.0878	0.0682	CNU-S-C-4A	16	0.1
CNU-S-C-4A	17	0.294	0.2769	0.2	CNU-S-C-4A	17	0.0889	0.0732	0.05	CNU-S-C-4A	17	0
CNU-S-C-4A	18	0	0	0	CNU-S-C-4A	18	0	0	0	CNU-S-C-4A	18	0
CNU-S-C-4A	19	0.965	0.7327	0.5	CNU-S-C-4A	19	0.3193	0.2349	0.1765	CNU-S-C-4A	19	0.56
CNU-S-C-4A	20	0.9076	0.8536	0.8	CNU-S-C-4A	20	0.2292	0.2576	0.3	CNU-S-C-4A	20	0.28
CNU-S-C-4A	21	0	0	0	CNU-S-C-4A	21	0	0	0	CNU-S-C-4A	21	0
CNU-S-C-4A	22	0.6722	0.542	0.5	CNU-S-C-4A	22	0.2812	0.2395	0.2222	CNU-S-C-4A	22	0.7
CNU-S-C-4A	23	0.5939	0.5401	0.5	CNU-S-C-4A	23	0.1656	0.1644	0.1875	CNU-S-C-4A	23	0.666666667
CNU-S-C-4A	24	0	0	0	CNU-S-C-4A	24	0	0	0	CNU-S-C-4A	24	0
CNU-S-C-4A	25	0.3218	0.2933	0.2	CNU-S-C-4A	25	0.0506	0.0724	0.0909	CNU-S-C-4A	25	1
CNU-S-C-4A	26	0.8846	0.8374	0.8	CNU-S-C-4A	26	0.2265	0.2358	0.25	CNU-S-C-4A	26	0.52
CNU-S-C-4A	27	0.9415	0.7953	0.6667	CNU-S-C-4A	27	0.3799	0.3746	0.4	CNU-S-C-4A	27	0.6
CNU-S-C-4A	28	0.9781	0.7399	0.5	CNU-S-C-4A	28	0.3091	0.1982	0.1111	CNU-S-C-4A	28	0.966666667
CNU-S-C-4A	29	0	0	0	CNU-S-C-4A	29	0.0378	0.0402	0.04	CNU-S-C-4A	29	1
CNU-S-C-4A	30	0.9268	0.7915	0.6667	CNU-S-C-4A	30	0.1024	0.0982	0.12	CNU-S-C-4A	30	0.15
CNU-S-C-4A	31	0.86	0.7621	0.6667	CNU-S-C-4A	31	0.1859	0.1891	0.2143	CNU-S-C-4A	31	0.8
CNU-S-C-4A	32	0.925	0.8311	0.75	CNU-S-C-4A	32	0.2941	0.2143	0.1538	CNU-S-C-4A	32	0.75
CNU-S-C-4A	33	0	0	0	CNU-S-C-4A	33	0	0	0	CNU-S-C-4A	33	0
FRDC-S-C-1A	1	0.6945	0.7436	0.8	FRDC-S-C-1A	1	0.4217	0.4215	0.4286	FRDC-S-C-1A	1	0.41
FRDC-S-C-1A	2	0.5964	0.464	0.4	FRDC-S-C-1A	2	0.2821	0.3622	0.4286	FRDC-S-C-1A	2	0.28
FRDC-S-C-1A	3	0.5706	0.6883	0.8	FRDC-S-C-1A	3	0.4914	0.4252	0.3846	FRDC-S-C-1A	3	0.383333333
FRDC-S-C-1A	4	0.4646	0.4795	0.5	FRDC-S-C-1A	4	0.1357	0.1033	0.075	FRDC-S-C-1A	4	0.35
FRDC-S-C-1A	5	0.7974	0.6968	0.6	FRDC-S-C-1A	5	0.5283	0.3715	0.2381	FRDC-S-C-1A	5	0.286666667
FRDC-S-C-1A	6	0.6159	0.5168	0.4	FRDC-S-C-1A	6	0.354	0.2912	0.25	FRDC-S-C-1A	6	0.5
FRDC-S-C-1A	7	0.865	0.934	1	FRDC-S-C-1A	7	0.1873	0.2039	0.2174	FRDC-S-C-1A	7	0.08
FRDC-S-C-1A	8	0.4804	0.7384	1	FRDC-S-C-1A	8	0.3829	0.4262	0.5	FRDC-S-C-1A	8	0.14
FRDC-S-C-1A	9	0.6449	0.6501	0.6	FRDC-S-C-1A	9	0.2382	0.2924	0.3462	FRDC-S-C-1A	9	0.24
FRDC-S-C-1A	10	0.8073	0.7687	0.75	FRDC-S-C-1A	10	0.2102	0.3618	0.5	FRDC-S-C-1A	10	0.321428571
FRDC-S-C-1A	11	0.5233	0.6543	0.75	FRDC-S-C-1A	11	0.2384	0.1709	0.125	FRDC-S-C-1A	11	0.353333333
FRDC-S-C-1A	12	0.8648	0.9271	1	FRDC-S-C-1A	12	0.3165	0.3135	0.3333	FRDC-S-C-1A	12	0.18
FRDC-S-C-1A	13	0.609	0.8304	1	FRDC-S-C-1A	13	0.6197	0.8015	1	FRDC-S-C-1A	13	0.393333333
FRDC-S-C-1A	14	0.5112	0.7701	1	FRDC-S-C-1A	14	0.376	0.3542	0.36	FRDC-S-C-1A	14	0.36
FRDC-S-C-1A	15	0.7874	0.8815	1	FRDC-S-C-1A	15	0.5612	0.5366	0.5294	FRDC-S-C-1A	15	0.365
FRDC-S-C-1A	16	0.9146	0.7621	0.6	FRDC-S-C-1A	16	0.1215	0.1672	0.2045	FRDC-S-C-1A	16	0.273333333
FRDC-S-C-1A	17	0.9674	0.6813	0.4	FRDC-S-C-1A	17	0.1516	0.2535	0.35	FRDC-S-C-1A	17	0
FRDC-S-C-1A	18	0.7336	0.6927	0.6667	FRDC-S-C-1A	18	0.1749	0.2169	0.25	FRDC-S-C-1A	18	0.266666667
FRDC-S-C-1A	19	0.7629	0.8784	1	FRDC-S-C-1A	19	0.4083	0.2788	0.1765	FRDC-S-C-1A	19	0.28
FRDC-S-C-1A	20	0.746	0.6774	0.6	FRDC-S-C-1A	20	0.4142	0.4668	0.5	FRDC-S-C-1A	20	0.434285714
FRDC-S-C-1A	21	0.5209	0.5893	0.6667	FRDC-S-C-1A	21	0.101	0.153	0.2	FRDC-S-C-1A	21	0.133333333
FRDC-S-C-1A	22	0.5239	0.6194	0.75	FRDC-S-C-1A	22	0.3737	0.2868	0.2222	FRDC-S-C-1A	22	0.2
FRDC-S-C-1A	23	0.7993	0.901	1	FRDC-S-C-1A	23	0.4209	0.3211	0.25	FRDC-S-C-1A	23	0.14
FRDC-S-C-1A	24	0.8225	0.7455	0.6667	FRDC-S-C-1A	24	0.0139	0.0358	0.0571	FRDC-S-C-1A	24	0.04
FRDC-S-C-1A	25	0.3693	0.3217	0.2	FRDC-S-C-1A	25	0.3065	0.4148	0.5455	FRDC-S-C-1A	25	0.9
FRDC-S-C-1A	26	0.5057	0.4491	0.4	FRDC-S-C-1A	26	0.2999	0.3958	0.5	FRDC-S-C-1A	26	0.533333333
FRDC-S-C-1A	27	0.7291	0.7037	0.6667	FRDC-S-C-1A	27	0.6809	0.6461	0.6	FRDC-S-C-1A	27	0.538333333
FRDC-S-C-1A	28	0.7724	0.8836	1	FRDC-S-C-1A	28	0.3211	0.2714	0.2222	FRDC-S-C-1A	28	0.266666667
FRDC-S-C-1A	29	0.9882	0.9947	1	FRDC-S-C-1A	29	0.1563	0.2051	0.28	FRDC-S-C-1A	29	0.088571429
FRDC-S-C-1A	30	0.6857	0.502	0.3333	FRDC-S-C-1A	30	0.2751	0.2433	0.24	FRDC-S-C-1A	30	0.2
FRDC-S-C-1A	31	0.5951	0.6224	0.6667	FRDC-S-C-1A	31	0.306	0.3609	0.4286	FRDC-S-C-1A	31	0.6
FRDC-S-C-1A	32	0.5447	0.3925	0.25	FRDC-S-C-1A	32	0.1932	0.109	0.0385	FRDC-S-C-1A	32	0.133333333
FRDC-S-C-1A	33	0.4549	0.7246	1	FRDC-S-C-1A	33	0	0	0	FRDC-S-C-1A	33	0
FRDC-S-C-2A	1	0.565	0.5773	0.6	FRDC-S-C-2A	1	0.5374	0.6194	0.7143	FRDC-S-C-2A	1	0.532539683
FRDC-S-C-2A	2	0.3508	0.397	0.4	FRDC-S-C-2A	2	0.0917	0.1887	0.2857	FRDC-S-C-2A	2	0.166666667
FRDC-S-C-2A	3	0.4618	0.531	0.6	FRDC-S-C-2A	3	0.2899	0.3647	0.4615	FRDC-S-C-2A	3	0.251666667
FRDC-S-C-2A	4	0.2323	0.3907	0.5	FRDC-S-C-2A	4	0.0451	0.0973	0.15	FRDC-S-C-2A	4	0.6
FRDC-S-C-2A	5	0.3416	0.374	0.4	FRDC-S-C-2A	5	0.3955	0.507	0.619	FRDC-S-C-2A	5	0.403333333
FRDC-S-C-2A	6	0.5003	0.5459	0.6	FRDC-S-C-2A	6	0.3315	0.3034	0.3	FRDC-S-C-2A	6	0.566666667
FRDC-S-C-2A	7	0.2438	0.3952	0.5	FRDC-S-C-2A	7	0.0439	0.0658	0.087	FRDC-S-C-2A	7	0.1
FRDC-S-C-2A	8	0.2369	0.3923	0.5	FRDC-S-C-2A	8	0.0503	0.2752	0.5	FRDC-S-C-2A	8	0.2
FRDC-S-C-2A	9	0.2349	0.2414	0.2	FRDC-S-C-2A	9	0.0427	0.0796	0.1154	FRDC-S-C-2A	9	0.3
FRDC-S-C-2A	10	0.3096	0.3871	0.5	FRDC-S-C-2A	10	0.2269	0.3351	0.4375	FRDC-S-C-2A	10	0.220238095
FRDC-S-C-2A	11	0.6295	0.6816	0.75	FRDC-S-C-2A	11	0.3143	0.408	0.5	FRDC-S-C-2A	11	0.155555556
FRDC-S-C-2A	12	0.2392	0.394	0.5	FRDC-S-C-2A	12	0.157	0.2768	0.4	FRDC-S-C-2A	12	0.2
FRDC-S-C-2A	13	0.3123	0.68	1	FRDC-S-C-2A	13	0.4893	0.7321	1	FRDC-S-C-2A	13	0.5
FRDC-S-C-2A	14	0.3765	0.6653	1	FRDC-S-C-2A	14	0.1698	0.2663	0.36	FRDC-S-C-2A	14	0.22
FRDC-S-C-2A	15	0.6879	0.8348	1	FRDC-S-C-2A	15	0.4531	0.4824	0.5294	FRDC-S-C-2A	15	0.155555556
FRDC-S-C-2A	16	0.7705	0.585	0.4	FRDC-S-C-2A	16	0.0532	0.1064	0.1591	FRDC-S-C-2A	16	0.025
FRDC-S-C-2A	17	0.2572	0.2548	0.2	FRDC-S-C-2A	17	0	0	0	FRDC-S-C-2A	17	0
FRDC-S-C-2A	18	0.2671	0.3281	0.3333	FRDC-S-C-2A	18	0	0	0	FRDC-S-C-2A	18	0.2
FRDC-S-C-2A	19	0.4022	0.4483	0.5	FRDC-S-C-2A	19	0.1279	0.2008	0.2941	FRDC-S-C-2A	19	0
FRDC-S-C-2A	20	0	0	0	FRDC-S-C-2A	20	0.1576	0.2279	0.3	FRDC-S-C-2A	20	0.7
FRDC-S-C-2A	21	0.0271	0.183	0.3333	FRDC-S-C-2A	21	0.0539	0.1077	0.16	FRDC-S-C-2A	21	0.4
FRDC-S-C-2A	22	0	0	0	FRDC-S-C-2A	22	0.1061	0.1082	0.1111	FRDC-S-C-2A	22	0.7
FRDC-S-C-2A	23	0.4938	0.7539	1	FRDC-S-C-2A	23	0.2506	0.2188	0.1875	FRDC-S-C-2A	23	0.8
FRDC-S-C-2A	24	0	0	0	FRDC-S-C-2A	24	0.0194	0.0243	0.0286	FRDC-S-C-2A	24	0.1
FRDC-S-C-2A	25	0.3693	0.3217	0.2	FRDC-S-C-2A	25	0.2133	0.2435	0.2727	FRDC-S-C-2A	25	0.6
FRDC-S-C-2A	26	0.2265	0.2372	0.2	FRDC-S-C-2A	26	0.0383	0.0666	0.1	FRDC-S-C-2A	26	0.2
FRDC-S-C-2A	27	0.3893	0.5192	0.6667	FRDC-S-C-2A	27	0.6277	0.7036	0.8	FRDC-S-C-2A	27	0.7
FRDC-S-C-2A	28	0.2098	0.3768	0.5	FRDC-S-C-2A	28	0.0986	0.1033	0.1111	FRDC-S-C-2A	28	0.4
FRDC-S-C-2A	29	0.2605	0.3237	0.3333	FRDC-S-C-2A	29	0.0645	0.1116	0.16	FRDC-S-C-2A	29	0.4
FRDC-S-C-2A	30	0.219	0.2975	0.3333	FRDC-S-C-2A	30	0.0167	0.0286	0.04	FRDC-S-C-2A	30	0.1
FRDC-S-C-2A	31	0.2191	0.2986	0.3333	FRDC-S-C-2A	31	0.1622	0.2248	0.2857	FRDC-S-C-2A	31	0.6
FRDC-S-C-2A	32	0.3301	0.3886	0.5	FRDC-S-C-2A	32	0.3517	0.3787	0.4231	FRDC-S-C-2A	32	0.25
FRDC-S-C-2A	33	0.2275	0.6377	1	FRDC-S-C-2A	33	0	0	0	FRDC-S-C-2A	33	0
FRDC-S-C-3A	1	0.6945	0.7436	0.8	FRDC-S-C-3A	1	0.3842	0.4708	0.5714	FRDC-S-C-3A	1	0.39
FRDC-S-C-3A	2	0.5964	0.464	0.4	FRDC-S-C-3A	2	0.2805	0.3614	0.4286	FRDC-S-C-3A	2	0.3
FRDC-S-C-3A	3	0.5706	0.6883	0.8	FRDC-S-C-3A	3	0.4914	0.4252	0.3846	FRDC-S-C-3A	3	0.383333333
FRDC-S-C-3A	4	0.4646	0.4795	0.5	FRDC-S-C-3A	4	0.1605	0.1412	0.125	FRDC-S-C-3A	4	0.45
FRDC-S-C-3A	5	0.7974	0.6968	0.6	FRDC-S-C-3A	5	0.4903	0.3763	0.2857	FRDC-S-C-3A	5	0.226666667
FRDC-S-C-3A	6	0.6159	0.5168	0.4	FRDC-S-C-3A	6	0.346	0.3373	0.35	FRDC-S-C-3A	6	0.475
FRDC-S-C-3A	7	0.865	0.934	1	FRDC-S-C-3A	7	0.1708	0.2389	0.3043	FRDC-S-C-3A	7	0.06
FRDC-S-C-3A	8	0.4804	0.7384	1	FRDC-S-C-3A	8	0.361	0.415	0.5	FRDC-S-C-3A	8	0.08
FRDC-S-C-3A	9	0.6449	0.6501	0.6	FRDC-S-C-3A	9	0.2612	0.3221	0.3846	FRDC-S-C-3A	9	0.26
FRDC-S-C-3A	10	0.8073	0.7687	0.75	FRDC-S-C-3A	10	0.2359	0.375	0.5	FRDC-S-C-3A	10	0.321428571
FRDC-S-C-3A	11	0.5233	0.6543	0.75	FRDC-S-C-3A	11	0.2384	0.1709	0.125	FRDC-S-C-3A	11	0.353333333
FRDC-S-C-3A	12	0.8648	0.9271	1	FRDC-S-C-3A	12	0.3217	0.3495	0.4	FRDC-S-C-3A	12	0.16
FRDC-S-C-3A	13	0.609	0.8304	1	FRDC-S-C-3A	13	0.6194	0.8014	1	FRDC-S-C-3A	13	0.413333333
FRDC-S-C-3A	14	0.5112	0.7701	1	FRDC-S-C-3A	14	0.4138	0.3726	0.36	FRDC-S-C-3A	14	0.4
FRDC-S-C-3A	15	0.7874	0.8815	1	FRDC-S-C-3A	15	0.5375	0.5539	0.5882	FRDC-S-C-3A	15	0.345
FRDC-S-C-3A	16	0.9146	0.7621	0.6	FRDC-S-C-3A	16	0.1215	0.1672	0.2045	FRDC-S-C-3A	16	0.273333333
FRDC-S-C-3A	17	0.9674	0.6813	0.4	FRDC-S-C-3A	17	0.1538	0.229	0.3	FRDC-S-C-3A	17	0
FRDC-S-C-3A	18	0.7336	0.6927	0.6667	FRDC-S-C-3A	18	0.1754	0.2172	0.25	FRDC-S-C-3A	18	0.266666667
FRDC-S-C-3A	19	0.7629	0.8784	1	FRDC-S-C-3A	19	0.387	0.268	0.1765	FRDC-S-C-3A	19	0.28
FRDC-S-C-3A	20	0.746	0.6774	0.6	FRDC-S-C-3A	20	0.4344	0.5024	0.55	FRDC-S-C-3A	20	0.454285714
FRDC-S-C-3A	21	0.5209	0.5893	0.6667	FRDC-S-C-3A	21	0.1022	0.1535	0.2	FRDC-S-C-3A	21	0.133333333
FRDC-S-C-3A	22	0.5239	0.6194	0.75	FRDC-S-C-3A	22	0.3368	0.2683	0.2222	FRDC-S-C-3A	22	0.18
FRDC-S-C-3A	23	0.7993	0.901	1	FRDC-S-C-3A	23	0.3988	0.3098	0.25	FRDC-S-C-3A	23	0.12
FRDC-S-C-3A	24	0.8225	0.7455	0.6667	FRDC-S-C-3A	24	0.0418	0.0789	0.1143	FRDC-S-C-3A	24	0.04
FRDC-S-C-3A	25	0.3693	0.3217	0.2	FRDC-S-C-3A	25	0.2899	0.4063	0.5455	FRDC-S-C-3A	25	0.8
FRDC-S-C-3A	26	0.5057	0.4491	0.4	FRDC-S-C-3A	26	0.3244	0.4278	0.55	FRDC-S-C-3A	26	0.566666667
FRDC-S-C-3A	27	0.7291	0.7037	0.6667	FRDC-S-C-3A	27	0.6831	0.6472	0.6	FRDC-S-C-3A	27	0.538333333
FRDC-S-C-3A	28	0.7724	0.8836	1	FRDC-S-C-3A	28	0.3251	0.2911	0.2593	FRDC-S-C-3A	28	0.246666667
FRDC-S-C-3A	29	0.9882	0.9947	1	FRDC-S-C-3A	29	0.1428	0.1779	0.24	FRDC-S-C-3A	29	0.068571429
FRDC-S-C-3A	30	0.6857	0.502	0.3333	FRDC-S-C-3A	30	0.2691	0.2414	0.24	FRDC-S-C-3A	30	0.175
FRDC-S-C-3A	31	0.5951	0.6224	0.6667	FRDC-S-C-3A	31	0.3076	0.3617	0.4286	FRDC-S-C-3A	31	0.6
FRDC-S-C-3A	32	0.5447	0.3925	0.25	FRDC-S-C-3A	32	0.2285	0.1461	0.0769	FRDC-S-C-3A	32	0.2
FRDC-S-C-3A	33	0.4549	0.7246	1	FRDC-S-C-3A	33	0	0	0	FRDC-S-C-3A	33	0
FRDC-S-C-4A	1	0.565	0.5773	0.6	FRDC-S-C-4A	1	0.4455	0.4993	0.5714	FRDC-S-C-4A	1	0.634285714
FRDC-S-C-4A	2	0.4755	0.5431	0.6	FRDC-S-C-4A	2	0.125	0.2392	0.3571	FRDC-S-C-4A	2	0.516666667
FRDC-S-C-4A	3	0.4209	0.4029	0.4	FRDC-S-C-4A	3	0.3622	0.3973	0.4615	FRDC-S-C-4A	3	0.616666667
FRDC-S-C-4A	4	0.2323	0.3907	0.5	FRDC-S-C-4A	4	0.107	0.1345	0.175	FRDC-S-C-4A	4	0.9
FRDC-S-C-4A	5	0.4165	0.4265	0.4	FRDC-S-C-4A	5	0.3631	0.4638	0.5714	FRDC-S-C-4A	5	0.78125
FRDC-S-C-4A	6	0.3546	0.376	0.4	FRDC-S-C-4A	6	0.329	0.3022	0.3	FRDC-S-C-4A	6	0.85
FRDC-S-C-4A	7	0.2438	0.3952	0.5	FRDC-S-C-4A	7	0.0958	0.0915	0.087	FRDC-S-C-4A	7	0.2
FRDC-S-C-4A	8	0.2369	0.3923	0.5	FRDC-S-C-4A	8	0.1043	0.3038	0.5	FRDC-S-C-4A	8	0.222222222
FRDC-S-C-4A	9	0.2349	0.2414	0.2	FRDC-S-C-4A	9	0.1181	0.1923	0.2692	FRDC-S-C-4A	9	0.2
FRDC-S-C-4A	10	0.4731	0.6397	0.75	FRDC-S-C-4A	10	0.3238	0.352	0.375	FRDC-S-C-4A	10	0.5625
FRDC-S-C-4A	11	0.7101	0.7349	0.75	FRDC-S-C-4A	11	0.2697	0.3539	0.4375	FRDC-S-C-4A	11	0.35
FRDC-S-C-4A	12	0.2051	0.3734	0.5	FRDC-S-C-4A	12	0.2275	0.3759	0.5333	FRDC-S-C-4A	12	0.4
FRDC-S-C-4A	13	0.6034	0.802	1	FRDC-S-C-4A	13	0.5218	0.7483	1	FRDC-S-C-4A	13	0.541666667
FRDC-S-C-4A	14	0.1542	0.3265	0.5	FRDC-S-C-4A	14	0.151	0.2541	0.36	FRDC-S-C-4A	14	0.298333333
FRDC-S-C-4A	15	0.656	0.8212	1	FRDC-S-C-4A	15	0.3785	0.3824	0.4118	FRDC-S-C-4A	15	0.5
FRDC-S-C-4A	16	0.1786	0.208	0.2	FRDC-S-C-4A	16	0.096	0.1472	0.2045	FRDC-S-C-4A	16	0.6
FRDC-S-C-4A	17	0.2572	0.2548	0.2	FRDC-S-C-4A	17	0.1042	0.1243	0.15	FRDC-S-C-4A	17	0.5
FRDC-S-C-4A	18	0.2671	0.3281	0.3333	FRDC-S-C-4A	18	0.0364	0.1018	0.1667	FRDC-S-C-4A	18	0.4
FRDC-S-C-4A	19	0.2011	0.3715	0.5	FRDC-S-C-4A	19	0.2491	0.2694	0.2941	FRDC-S-C-4A	19	0
FRDC-S-C-4A	20	0	0	0	FRDC-S-C-4A	20	0.2045	0.2379	0.3	FRDC-S-C-4A	20	0.9
FRDC-S-C-4A	21	0.0271	0.183	0.3333	FRDC-S-C-4A	21	0.1758	0.2228	0.28	FRDC-S-C-4A	21	0.8
FRDC-S-C-4A	22	0	0	0	FRDC-S-C-4A	22	0.2552	0.1953	0.1667	FRDC-S-C-4A	22	1
FRDC-S-C-4A	23	0.4938	0.7319	1	FRDC-S-C-4A	23	0.3634	0.3357	0.3125	FRDC-S-C-4A	23	0.8
FRDC-S-C-4A	24	0	0	0	FRDC-S-C-4A	24	0.1805	0.1774	0.2	FRDC-S-C-4A	24	0.7
FRDC-S-C-4A	25	0.3693	0.3217	0.2	FRDC-S-C-4A	25	0.3304	0.2864	0.2727	FRDC-S-C-4A	25	0.9
FRDC-S-C-4A	26	0.2265	0.2372	0.2	FRDC-S-C-4A	26	0.1121	0.1436	0.2	FRDC-S-C-4A	26	0.3
FRDC-S-C-4A	27	0.4335	0.7089	1	FRDC-S-C-4A	27	0.4427	0.4069	0.4	FRDC-S-C-4A	27	0.666666667
FRDC-S-C-4A	28	0.2098	0.3768	0.5	FRDC-S-C-4A	28	0.1144	0.1269	0.1481	FRDC-S-C-4A	28	0.5
FRDC-S-C-4A	29	0.2605	0.3237	0.3333	FRDC-S-C-4A	29	0.2369	0.2488	0.28	FRDC-S-C-4A	29	0.8
FRDC-S-C-4A	30	0.219	0.2975	0.3333	FRDC-S-C-4A	30	0.1459	0.174	0.2	FRDC-S-C-4A	30	0.5
FRDC-S-C-4A	31	0.2191	0.2986	0.3333	FRDC-S-C-4A	31	0.1578	0.2568	0.3571	FRDC-S-C-4A	31	0.6
FRDC-S-C-4A	32	0.3373	0.3884	0.5	FRDC-S-C-4A	32	0.4228	0.4151	0.4231	FRDC-S-C-4A	32	0.4
FRDC-S-C-4A	33	0.2275	0.6377	1	FRDC-S-C-4A	33	0	0	0	FRDC-S-C-4A	33	0
FRDC-S-C-5A	1	0.565	0.5773	0.6	FRDC-S-C-5A	1	0.495	0.4896	0.5	FRDC-S-C-5A	1	0.59
FRDC-S-C-5A	2	0.415	0.5309	0.6	FRDC-S-C-5A	2	0.2677	0.3748	0.5	FRDC-S-C-5A	2	0.4375
FRDC-S-C-5A	3	0.6824	0.641	0.6	FRDC-S-C-5A	3	0.4783	0.4949	0.5385	FRDC-S-C-5A	3	0.302222222
FRDC-S-C-5A	4	0.2323	0.3907	0.5	FRDC-S-C-5A	4	0.2233	0.1797	0.15	FRDC-S-C-5A	4	0.9
FRDC-S-C-5A	5	0.3994	0.519	0.6	FRDC-S-C-5A	5	0.3731	0.4969	0.619	FRDC-S-C-5A	5	0.866666667
FRDC-S-C-5A	6	0.3546	0.376	0.4	FRDC-S-C-5A	6	0.3935	0.361	0.35	FRDC-S-C-5A	6	0.775
FRDC-S-C-5A	7	0.2438	0.3952	0.5	FRDC-S-C-5A	7	0.0774	0.1695	0.2609	FRDC-S-C-5A	7	0.3
FRDC-S-C-5A	8	0.2369	0.3923	0.5	FRDC-S-C-5A	8	0.2372	0.3629	0.5	FRDC-S-C-5A	8	0
FRDC-S-C-5A	9	0.5359	0.4558	0.4	FRDC-S-C-5A	9	0.2447	0.3349	0.4231	FRDC-S-C-5A	9	0.616666667
FRDC-S-C-5A	10	0.3808	0.4667	0.5	FRDC-S-C-5A	10	0.4836	0.5111	0.5625	FRDC-S-C-5A	10	0.247222222
FRDC-S-C-5A	11	0.5638	0.6528	0.75	FRDC-S-C-5A	11	0.416	0.4157	0.4375	FRDC-S-C-5A	11	0.378571429
FRDC-S-C-5A	12	0.4272	0.4653	0.5	FRDC-S-C-5A	12	0.3344	0.3843	0.4667	FRDC-S-C-5A	12	0.6
FRDC-S-C-5A	13	0.3569	0.5509	0.75	FRDC-S-C-5A	13	0.4518	0.7129	1	FRDC-S-C-5A	13	0.322222222
FRDC-S-C-5A	14	0.268	0.5007	0.75	FRDC-S-C-5A	14	0.1729	0.2833	0.4	FRDC-S-C-5A	14	0.327777778
FRDC-S-C-5A	15	0.6751	0.6696	0.6667	FRDC-S-C-5A	15	0.5282	0.4897	0.4706	FRDC-S-C-5A	15	0.38
FRDC-S-C-5A	16	0.427	0.4215	0.4	FRDC-S-C-5A	16	0.2615	0.2903	0.3182	FRDC-S-C-5A	16	0.283333333
FRDC-S-C-5A	17	0.2572	0.2548	0.2	FRDC-S-C-5A	17	0.1987	0.221	0.25	FRDC-S-C-5A	17	0.8
FRDC-S-C-5A	18	0.2671	0.3281	0.3333	FRDC-S-C-5A	18	0.0756	0.1209	0.1667	FRDC-S-C-5A	18	0.5
FRDC-S-C-5A	19	0.2011	0.3715	0.5	FRDC-S-C-5A	19	0.349	0.2782	0.2353	FRDC-S-C-5A	19	0
FRDC-S-C-5A	20	0	0	0	FRDC-S-C-5A	20	0.2101	0.2262	0.25	FRDC-S-C-5A	20	0.6
FRDC-S-C-5A	21	0.0271	0.183	0.3333	FRDC-S-C-5A	21	0.185	0.1644	0.16	FRDC-S-C-5A	21	0.8
FRDC-S-C-5A	22	0	0	0	FRDC-S-C-5A	22	0.2573	0.2657	0.2778	FRDC-S-C-5A	22	1
FRDC-S-C-5A	23	0.5917	0.8006	1	FRDC-S-C-5A	23	0.4578	0.3421	0.25	FRDC-S-C-5A	23	1
FRDC-S-C-5A	24	0	0	0	FRDC-S-C-5A	24	0.1513	0.1511	0.1714	FRDC-S-C-5A	24	0.5
FRDC-S-C-5A	25	0.3693	0.3217	0.2	FRDC-S-C-5A	25	0.3423	0.3838	0.4545	FRDC-S-C-5A	25	1
FRDC-S-C-5A	26	0.2265	0.2372	0.2	FRDC-S-C-5A	26	0.2454	0.1866	0.15	FRDC-S-C-5A	26	0.7
FRDC-S-C-5A	27	0.4979	0.7424	1	FRDC-S-C-5A	27	0.4805	0.4265	0.4	FRDC-S-C-5A	27	0.75
FRDC-S-C-5A	28	0.2098	0.3768	0.5	FRDC-S-C-5A	28	0.1412	0.1434	0.1481	FRDC-S-C-5A	28	0.6
FRDC-S-C-5A	29	0.2605	0.3237	0.3333	FRDC-S-C-5A	29	0.1404	0.1627	0.2	FRDC-S-C-5A	29	0.8
FRDC-S-C-5A	30	0.219	0.2975	0.3333	FRDC-S-C-5A	30	0.1628	0.1925	0.24	FRDC-S-C-5A	30	0.7
FRDC-S-C-5A	31	0.2191	0.2986	0.3333	FRDC-S-C-5A	31	0.278	0.2822	0.2857	FRDC-S-C-5A	31	0.6
FRDC-S-C-5A	32	0.1518	0.183	0.25	FRDC-S-C-5A	32	0.4289	0.4169	0.4231	FRDC-S-C-5A	32	0.066666667
FRDC-S-C-5A	33	0.2275	0.6377	1	FRDC-S-C-5A	33	0.0259	0.0443	0.0625	FRDC-S-C-5A	33	0
KLE-S-C-1A	1	0.5679	0.5872	0.6	KLE-S-C-1A	1	0.7199	0.7509	0.7857	KLE-S-C-1A	1	0.286666667
KLE-S-C-1A	2	0.4612	0.3093	0.2	KLE-S-C-1A	2	0.4655	0.5641	0.6429	KLE-S-C-1A	2	0.663333333
KLE-S-C-1A	3	0.279	0.2566	0.2	KLE-S-C-1A	3	0.6695	0.5955	0.5385	KLE-S-C-1A	3	0.24
KLE-S-C-1A	4	0.5418	0.7719	1	KLE-S-C-1A	4	0.5255	0.6072	0.7	KLE-S-C-1A	4	0.584444444
KLE-S-C-1A	5	0.71	0.4454	0.2	KLE-S-C-1A	5	0.7546	0.5411	0.3333	KLE-S-C-1A	5	0.613333333
KLE-S-C-1A	6	0.5511	0.5754	0.6	KLE-S-C-1A	6	0.6774	0.5615	0.45	KLE-S-C-1A	6	0.746666667
KLE-S-C-1A	7	0.6465	0.8197	1	KLE-S-C-1A	7	0.8658	0.629	0.3913	KLE-S-C-1A	7	0.18
KLE-S-C-1A	8	0.5662	0.7964	1	KLE-S-C-1A	8	0.7067	0.5952	0.5	KLE-S-C-1A	8	0.045
KLE-S-C-1A	9	0.3356	0.2647	0.2	KLE-S-C-1A	9	0.432	0.5077	0.5769	KLE-S-C-1A	9	0.275
KLE-S-C-1A	10	0.4634	0.4914	0.5	KLE-S-C-1A	10	0.6325	0.5612	0.5	KLE-S-C-1A	10	0.353333333
KLE-S-C-1A	11	0.6295	0.5595	0.5	KLE-S-C-1A	11	0.5769	0.7669	0.9375	KLE-S-C-1A	11	0.336666667
KLE-S-C-1A	12	0.7847	0.9059	1	KLE-S-C-1A	12	0.728	0.7911	0.8667	KLE-S-C-1A	12	0.62
KLE-S-C-1A	13	0.6189	0.799	1	KLE-S-C-1A	13	0.9828	0.991	1	KLE-S-C-1A	13	0.5
KLE-S-C-1A	14	0.5127	0.5004	0.5	KLE-S-C-1A	14	0.6805	0.5564	0.44	KLE-S-C-1A	14	0.513333333
KLE-S-C-1A	15	0.4945	0.5851	0.6667	KLE-S-C-1A	15	0.6988	0.672	0.6471	KLE-S-C-1A	15	0.364444444
KLE-S-C-1A	16	0.3623	0.3981	0.4	KLE-S-C-1A	16	0.5603	0.5407	0.5227	KLE-S-C-1A	16	0.235
KLE-S-C-1A	17	0.6636	0.6284	0.6	KLE-S-C-1A	17	0.5937	0.7303	0.85	KLE-S-C-1A	17	0.658571429
KLE-S-C-1A	18	0.6598	0.8297	1	KLE-S-C-1A	18	0.6766	0.667	0.6667	KLE-S-C-1A	18	0.573333333
KLE-S-C-1A	19	0.5144	0.506	0.5	KLE-S-C-1A	19	0.7811	0.6544	0.5294	KLE-S-C-1A	19	0.43
KLE-S-C-1A	20	0.4732	0.437	0.4	KLE-S-C-1A	20	0.5986	0.6846	0.75	KLE-S-C-1A	20	0.331111111
KLE-S-C-1A	21	0.1772	0.4021	0.6667	KLE-S-C-1A	21	0.6482	0.5624	0.48	KLE-S-C-1A	21	0.412777778
KLE-S-C-1A	22	0.3545	0.4272	0.5	KLE-S-C-1A	22	0.644	0.6381	0.6111	KLE-S-C-1A	22	0.66
KLE-S-C-1A	23	0.6013	0.5605	0.5	KLE-S-C-1A	23	0.5835	0.6971	0.8125	KLE-S-C-1A	23	0.86
KLE-S-C-1A	24	0.6159	0.4756	0.3333	KLE-S-C-1A	24	0.4262	0.4334	0.4286	KLE-S-C-1A	24	0.835
KLE-S-C-1A	25	0.6855	0.5405	0.4	KLE-S-C-1A	25	0.6969	0.7081	0.7273	KLE-S-C-1A	25	0.56
KLE-S-C-1A	26	0.5604	0.6744	0.8	KLE-S-C-1A	26	0.6736	0.634	0.6	KLE-S-C-1A	26	0.785
KLE-S-C-1A	27	0.716	0.5072	0.3333	KLE-S-C-1A	27	0.864	0.7284	0.6	KLE-S-C-1A	27	0.915
KLE-S-C-1A	28	0.5149	0.7599	1	KLE-S-C-1A	28	0.5178	0.5531	0.5926	KLE-S-C-1A	28	0.92
KLE-S-C-1A	29	0.6641	0.8328	1	KLE-S-C-1A	29	0.6285	0.5976	0.56	KLE-S-C-1A	29	0.84
KLE-S-C-1A	30	0.5425	0.6041	0.6667	KLE-S-C-1A	30	0.6789	0.5386	0.4	KLE-S-C-1A	30	0.633333333
KLE-S-C-1A	31	0.5421	0.7716	1	KLE-S-C-1A	31	0.2627	0.4612	0.6429	KLE-S-C-1A	31	0.202222222
KLE-S-C-1A	32	0.6011	0.6779	0.75	KLE-S-C-1A	32	0.5556	0.6038	0.6538	KLE-S-C-1A	32	0.848888889
KLE-S-C-1A	33	0.5401	0.7707	1	KLE-S-C-1A	33	0.7852	0.8635	0.9375	KLE-S-C-1A	33	0.487142857
KLE-S-C-2A	1	0.5679	0.5872	0.6	KLE-S-C-2A	1	0.7199	0.7509	0.7857	KLE-S-C-2A	1	0.286666667
KLE-S-C-2A	2	0.4612	0.3093	0.2	KLE-S-C-2A	2	0.4829	0.5734	0.6429	KLE-S-C-2A	2	0.69
KLE-S-C-2A	3	0.279	0.2566	0.2	KLE-S-C-2A	3	0.6695	0.5955	0.5385	KLE-S-C-2A	3	0.24
KLE-S-C-2A	4	0.5418	0.7719	1	KLE-S-C-2A	4	0.5255	0.6072	0.7	KLE-S-C-2A	4	0.584444444
KLE-S-C-2A	5	0.71	0.4454	0.2	KLE-S-C-2A	5	0.7546	0.5411	0.3333	KLE-S-C-2A	5	0.613333333
KLE-S-C-2A	6	0.5511	0.5754	0.6	KLE-S-C-2A	6	0.6252	0.5089	0.4	KLE-S-C-2A	6	0.713333333
KLE-S-C-2A	7	0.6465	0.8197	1	KLE-S-C-2A	7	0.8658	0.629	0.3913	KLE-S-C-2A	7	0.18
KLE-S-C-2A	8	0.5662	0.7964	1	KLE-S-C-2A	8	0.7067	0.5952	0.5	KLE-S-C-2A	8	0.045
KLE-S-C-2A	9	0.3356	0.2647	0.2	KLE-S-C-2A	9	0.432	0.5077	0.5769	KLE-S-C-2A	9	0.275
KLE-S-C-2A	10	0.4634	0.4914	0.5	KLE-S-C-2A	10	0.6325	0.5612	0.5	KLE-S-C-2A	10	0.513333333
KLE-S-C-2A	11	0.5478	0.6497	0.75	KLE-S-C-2A	11	0.5745	0.7658	0.9375	KLE-S-C-2A	11	0.34
KLE-S-C-2A	12	0.7847	0.9059	1	KLE-S-C-2A	12	0.728	0.7911	0.8667	KLE-S-C-2A	12	0.62
KLE-S-C-2A	13	0.6189	0.799	1	KLE-S-C-2A	13	0.9828	0.991	1	KLE-S-C-2A	13	0.5
KLE-S-C-2A	14	0.5127	0.5004	0.5	KLE-S-C-2A	14	0.6805	0.5564	0.44	KLE-S-C-2A	14	0.513333333
KLE-S-C-2A	15	0.4945	0.5851	0.6667	KLE-S-C-2A	15	0.6988	0.672	0.6471	KLE-S-C-2A	15	0.364444444
KLE-S-C-2A	16	0.4023	0.4189	0.4	KLE-S-C-2A	16	0.5705	0.5233	0.4773	KLE-S-C-2A	16	0.255714286
KLE-S-C-2A	17	0.643	0.6172	0.6	KLE-S-C-2A	17	0.5944	0.7307	0.85	KLE-S-C-2A	17	0.788333333
KLE-S-C-2A	18	0.6598	0.8297	1	KLE-S-C-2A	18	0.6766	0.667	0.6667	KLE-S-C-2A	18	0.573333333
KLE-S-C-2A	19	0.5144	0.506	0.5	KLE-S-C-2A	19	0.7811	0.6544	0.5294	KLE-S-C-2A	19	0.43
KLE-S-C-2A	20	0.4732	0.437	0.4	KLE-S-C-2A	20	0.5986	0.6846	0.75	KLE-S-C-2A	20	0.397777778
KLE-S-C-2A	21	0.1772	0.4021	0.6667	KLE-S-C-2A	21	0.6482	0.5624	0.48	KLE-S-C-2A	21	0.412777778
KLE-S-C-2A	22	0.3545	0.4272	0.5	KLE-S-C-2A	22	0.649	0.6687	0.6667	KLE-S-C-2A	22	0.6
KLE-S-C-2A	23	0.6013	0.5605	0.5	KLE-S-C-2A	23	0.5835	0.6971	0.8125	KLE-S-C-2A	23	0.86
KLE-S-C-2A	24	0.6159	0.4756	0.3333	KLE-S-C-2A	24	0.4262	0.4334	0.4286	KLE-S-C-2A	24	0.835
KLE-S-C-2A	25	0.694	0.6456	0.6	KLE-S-C-2A	25	0.7742	0.7948	0.8182	KLE-S-C-2A	25	0.56
KLE-S-C-2A	26	0.5604	0.6744	0.8	KLE-S-C-2A	26	0.6736	0.634	0.6	KLE-S-C-2A	26	0.785
KLE-S-C-2A	27	0.716	0.5072	0.3333	KLE-S-C-2A	27	0.864	0.7284	0.6	KLE-S-C-2A	27	0.915
KLE-S-C-2A	28	0.5149	0.7599	1	KLE-S-C-2A	28	0.5178	0.5531	0.5926	KLE-S-C-2A	28	0.92
KLE-S-C-2A	29	0.6641	0.8328	1	KLE-S-C-2A	29	0.6285	0.5976	0.56	KLE-S-C-2A	29	0.84
KLE-S-C-2A	30	0.5425	0.6041	0.6667	KLE-S-C-2A	30	0.6789	0.5386	0.4	KLE-S-C-2A	30	0.633333333
KLE-S-C-2A	31	0.5271	0.7636	1	KLE-S-C-2A	31	0.2256	0.3698	0.5	KLE-S-C-2A	31	0.43
KLE-S-C-2A	32	0.3468	0.4438	0.5	KLE-S-C-2A	32	0.5722	0.5721	0.5769	KLE-S-C-2A	32	0.66
KLE-S-C-2A	33	0.5401	0.7707	1	KLE-S-C-2A	33	0.7852	0.8635	0.9375	KLE-S-C-2A	33	0.487142857
KLE-S-C-3A	1	0.1886	0.2962	0.4	KLE-S-C-3A	1	0.7745	0.8536	0.9286	KLE-S-C-3A	1	0.664444444
KLE-S-C-3A	2	0.386	0.373	0.4	KLE-S-C-3A	2	0.4728	0.5573	0.6429	KLE-S-C-3A	2	0.875
KLE-S-C-3A	3	0.3106	0.2417	0.2	KLE-S-C-3A	3	0.5678	0.5606	0.5385	KLE-S-C-3A	3	0.631428571
KLE-S-C-3A	4	0.4722	0.49	0.5	KLE-S-C-3A	4	0.385	0.5266	0.65	KLE-S-C-3A	4	0.348571429
KLE-S-C-3A	5	0.5617	0.4677	0.4	KLE-S-C-3A	5	0.6954	0.6305	0.5714	KLE-S-C-3A	5	0.5
KLE-S-C-3A	6	0.2947	0.4644	0.6	KLE-S-C-3A	6	0.6106	0.6018	0.6	KLE-S-C-3A	6	0.677777778
KLE-S-C-3A	7	0.4742	0.7342	1	KLE-S-C-3A	7	0.7753	0.7591	0.7391	KLE-S-C-3A	7	0.4
KLE-S-C-3A	8	0.3384	0.4176	0.5	KLE-S-C-3A	8	0.6624	0.5718	0.5	KLE-S-C-3A	8	0.086666667
KLE-S-C-3A	9	0.494	0.45	0.4	KLE-S-C-3A	9	0.4148	0.5369	0.6538	KLE-S-C-3A	9	0.514285714
KLE-S-C-3A	10	0.3174	0.426	0.5	KLE-S-C-3A	10	0.6245	0.5529	0.5	KLE-S-C-3A	10	0.08
KLE-S-C-3A	11	0.4527	0.4705	0.5	KLE-S-C-3A	11	0.6171	0.7845	0.9375	KLE-S-C-3A	11	0.18
KLE-S-C-3A	12	0.4987	0.7492	1	KLE-S-C-3A	12	0.7819	0.8221	0.8667	KLE-S-C-3A	12	0.56
KLE-S-C-3A	13	0.3235	0.6756	1	KLE-S-C-3A	13	0.8972	0.9457	1	KLE-S-C-3A	13	0.513333333
KLE-S-C-3A	14	0.2096	0.2357	0.25	KLE-S-C-3A	14	0.5245	0.6259	0.72	KLE-S-C-3A	14	0.248888889
KLE-S-C-3A	15	0.4553	0.7259	1	KLE-S-C-3A	15	0.7661	0.7334	0.7059	KLE-S-C-3A	15	0.546666667
KLE-S-C-3A	16	0.4043	0.4894	0.6	KLE-S-C-3A	16	0.5304	0.579	0.6136	KLE-S-C-3A	16	0.188888889
KLE-S-C-3A	17	0.6386	0.6242	0.6	KLE-S-C-3A	17	0.681	0.7923	0.9	KLE-S-C-3A	17	0.82
KLE-S-C-3A	18	0.4377	0.5714	0.6667	KLE-S-C-3A	18	0.7254	0.734	0.75	KLE-S-C-3A	18	0.566666667
KLE-S-C-3A	19	0.4135	0.6727	1	KLE-S-C-3A	19	0.7534	0.7263	0.7059	KLE-S-C-3A	19	0.19
KLE-S-C-3A	20	0.21	0.395	0.6	KLE-S-C-3A	20	0.6218	0.6901	0.75	KLE-S-C-3A	20	0.168571429
KLE-S-C-3A	21	0.2145	0.4544	0.6667	KLE-S-C-3A	21	0.5164	0.6098	0.68	KLE-S-C-3A	21	0.14
KLE-S-C-3A	22	0.3059	0.4068	0.5	KLE-S-C-3A	22	0.5691	0.7096	0.8333	KLE-S-C-3A	22	0.593333333
KLE-S-C-3A	23	0.4339	0.4929	0.5	KLE-S-C-3A	23	0.7119	0.791	0.875	KLE-S-C-3A	23	0.6
KLE-S-C-3A	24	0.4743	0.5694	0.6667	KLE-S-C-3A	24	0.3218	0.3952	0.4571	KLE-S-C-3A	24	0.726666667
KLE-S-C-3A	25	0.5604	0.5779	0.6	KLE-S-C-3A	25	0.6626	0.7328	0.8182	KLE-S-C-3A	25	0.511111111
KLE-S-C-3A	26	0.4558	0.531	0.6	KLE-S-C-3A	26	0.7419	0.769	0.8	KLE-S-C-3A	26	0.68
KLE-S-C-3A	27	0.458	0.5619	0.6667	KLE-S-C-3A	27	0.8696	0.8311	0.8	KLE-S-C-3A	27	0.915
KLE-S-C-3A	28	0.4194	0.7097	1	KLE-S-C-3A	28	0.595	0.7071	0.8148	KLE-S-C-3A	28	0.96
KLE-S-C-3A	29	0.5243	0.595	0.6667	KLE-S-C-3A	29	0.573	0.6089	0.64	KLE-S-C-3A	29	0.84
KLE-S-C-3A	30	0.5002	0.5844	0.6667	KLE-S-C-3A	30	0.7129	0.6567	0.6	KLE-S-C-3A	30	0.533333333
KLE-S-C-3A	31	0.4731	0.7389	1	KLE-S-C-3A	31	0.3026	0.4055	0.5	KLE-S-C-3A	31	0.383333333
KLE-S-C-3A	32	0.6653	0.7212	0.75	KLE-S-C-3A	32	0.6208	0.6496	0.6923	KLE-S-C-3A	32	0.757777778
KLE-S-C-3A	33	0.5807	0.7924	1	KLE-S-C-3A	33	0.8054	0.7172	0.625	KLE-S-C-3A	33	0.335
KLE-S-C-4A	1	0.1886	0.2962	0.4	KLE-S-C-4A	1	0.7745	0.8536	0.9286	KLE-S-C-4A	1	0.664444444
KLE-S-C-4A	2	0.3627	0.3605	0.4	KLE-S-C-4A	2	0.5039	0.5743	0.6429	KLE-S-C-4A	2	0.88
KLE-S-C-4A	3	0.3106	0.2417	0.2	KLE-S-C-4A	3	0.5678	0.5606	0.5385	KLE-S-C-4A	3	0.631428571
KLE-S-C-4A	4	0.4722	0.49	0.5	KLE-S-C-4A	4	0.385	0.5266	0.65	KLE-S-C-4A	4	0.348571429
KLE-S-C-4A	5	0.5617	0.4677	0.4	KLE-S-C-4A	5	0.6954	0.6305	0.5714	KLE-S-C-4A	5	0.5
KLE-S-C-4A	6	0.3813	0.5975	0.8	KLE-S-C-4A	6	0.6106	0.6018	0.6	KLE-S-C-4A	6	0.697777778
KLE-S-C-4A	7	0.4742	0.7342	1	KLE-S-C-4A	7	0.7753	0.7591	0.7391	KLE-S-C-4A	7	0.4
KLE-S-C-4A	8	0.3384	0.4176	0.5	KLE-S-C-4A	8	0.6624	0.5718	0.5	KLE-S-C-4A	8	0.086666667
KLE-S-C-4A	9	0.494	0.45	0.4	KLE-S-C-4A	9	0.4148	0.5369	0.6538	KLE-S-C-4A	9	0.514285714
KLE-S-C-4A	10	0.3174	0.426	0.5	KLE-S-C-4A	10	0.6245	0.5529	0.5	KLE-S-C-4A	10	0.08
KLE-S-C-4A	11	0.5018	0.4942	0.5	KLE-S-C-4A	11	0.5778	0.6699	0.75	KLE-S-C-4A	11	0.41
KLE-S-C-4A	12	0.4987	0.7492	1	KLE-S-C-4A	12	0.7819	0.8221	0.8667	KLE-S-C-4A	12	0.56
KLE-S-C-4A	13	0.3235	0.6756	1	KLE-S-C-4A	13	0.8972	0.9457	1	KLE-S-C-4A	13	0.513333333
KLE-S-C-4A	14	0.2096	0.2357	0.25	KLE-S-C-4A	14	0.5245	0.6259	0.72	KLE-S-C-4A	14	0.248888889
KLE-S-C-4A	15	0.4553	0.7259	1	KLE-S-C-4A	15	0.7661	0.7334	0.7059	KLE-S-C-4A	15	0.546666667
KLE-S-C-4A	16	0.6683	0.6158	0.6	KLE-S-C-4A	16	0.5241	0.5642	0.5909	KLE-S-C-4A	16	0.305714286
KLE-S-C-4A	17	0.5746	0.5857	0.6	KLE-S-C-4A	17	0.6542	0.7029	0.75	KLE-S-C-4A	17	0.84
KLE-S-C-4A	18	0.4377	0.5714	0.6667	KLE-S-C-4A	18	0.7254	0.734	0.75	KLE-S-C-4A	18	0.566666667
KLE-S-C-4A	19	0.4135	0.6727	1	KLE-S-C-4A	19	0.7534	0.7263	0.7059	KLE-S-C-4A	19	0.19
KLE-S-C-4A	20	0.21	0.395	0.6	KLE-S-C-4A	20	0.6218	0.6901	0.75	KLE-S-C-4A	20	0.16
KLE-S-C-4A	21	0.2145	0.4544	0.6667	KLE-S-C-4A	21	0.5164	0.6098	0.68	KLE-S-C-4A	21	0.14
KLE-S-C-4A	22	0.3059	0.4068	0.5	KLE-S-C-4A	22	0.5691	0.7096	0.8333	KLE-S-C-4A	22	0.593333333
KLE-S-C-4A	23	0.4339	0.4929	0.5	KLE-S-C-4A	23	0.7119	0.791	0.875	KLE-S-C-4A	23	0.6
KLE-S-C-4A	24	0.4743	0.5694	0.6667	KLE-S-C-4A	24	0.3218	0.3952	0.4571	KLE-S-C-4A	24	0.726666667
KLE-S-C-4A	25	0.5604	0.5779	0.6	KLE-S-C-4A	25	0.6626	0.7328	0.8182	KLE-S-C-4A	25	0.511111111
KLE-S-C-4A	26	0.4558	0.531	0.6	KLE-S-C-4A	26	0.7419	0.769	0.8	KLE-S-C-4A	26	0.68
KLE-S-C-4A	27	0.458	0.5619	0.6667	KLE-S-C-4A	27	0.8696	0.8311	0.8	KLE-S-C-4A	27	0.915
KLE-S-C-4A	28	0.4194	0.7097	1	KLE-S-C-4A	28	0.595	0.7071	0.8148	KLE-S-C-4A	28	0.96
KLE-S-C-4A	29	0.5243	0.595	0.6667	KLE-S-C-4A	29	0.573	0.6089	0.64	KLE-S-C-4A	29	0.84
KLE-S-C-4A	30	0.5002	0.5844	0.6667	KLE-S-C-4A	30	0.7129	0.6567	0.6	KLE-S-C-4A	30	0.533333333
KLE-S-C-4A	31	0.4731	0.7389	1	KLE-S-C-4A	31	0.3026	0.4055	0.5	KLE-S-C-4A	31	0.383333333
KLE-S-C-4A	32	0.4756	0.6062	0.75	KLE-S-C-4A	32	0.589	0.5941	0.6154	KLE-S-C-4A	32	0.626666667
KLE-S-C-4A	33	0.5807	0.7924	1	KLE-S-C-4A	33	0.8054	0.7172	0.625	KLE-S-C-4A	33	0.335
THUSAM-S-C-1A	1	0.5364	0.6057	0.6	THUSAM-S-C-1A	1	0.6962	0.6636	0.6429	THUSAM-S-C-1A	1	0.678095238
THUSAM-S-C-1A	2	0.3855	0.5003	0.6	THUSAM-S-C-1A	2	0.4151	0.6025	0.7857	THUSAM-S-C-1A	2	0.703571429
THUSAM-S-C-1A	3	0.4191	0.3647	0.4	THUSAM-S-C-1A	3	0.3237	0.4368	0.5385	THUSAM-S-C-1A	3	0.753333333
THUSAM-S-C-1A	4	0.3309	0.4159	0.5	THUSAM-S-C-1A	4	0.401	0.3081	0.2	THUSAM-S-C-1A	4	0.483492063
THUSAM-S-C-1A	5	0.375	0.4793	0.6	THUSAM-S-C-1A	5	0.5822	0.4743	0.381	THUSAM-S-C-1A	5	0.5875
THUSAM-S-C-1A	6	0.413	0.5131	0.6	THUSAM-S-C-1A	6	0.6776	0.5612	0.45	THUSAM-S-C-1A	6	0.845
THUSAM-S-C-1A	7	0.2502	0.6381	1	THUSAM-S-C-1A	7	0.5289	0.4065	0.3043	THUSAM-S-C-1A	7	0.24
THUSAM-S-C-1A	8	0.2961	0.6456	1	THUSAM-S-C-1A	8	0.8675	0.68	0.5	THUSAM-S-C-1A	8	0.7
THUSAM-S-C-1A	9	0.2229	0.3214	0.4	THUSAM-S-C-1A	9	0.3343	0.4297	0.5385	THUSAM-S-C-1A	9	0.660714286
THUSAM-S-C-1A	10	0.4894	0.6362	0.75	THUSAM-S-C-1A	10	0.5465	0.6806	0.8125	THUSAM-S-C-1A	10	0.640972222
THUSAM-S-C-1A	11	0.5873	0.6889	0.75	THUSAM-S-C-1A	11	0.5541	0.4329	0.3125	THUSAM-S-C-1A	11	0.333333333
THUSAM-S-C-1A	12	0.4368	0.7155	1	THUSAM-S-C-1A	12	0.6856	0.5705	0.4667	THUSAM-S-C-1A	12	0.751785714
THUSAM-S-C-1A	13	0.6078	0.7011	0.75	THUSAM-S-C-1A	13	0.8955	0.947	1	THUSAM-S-C-1A	13	0.653333333
THUSAM-S-C-1A	14	0.155	0.4515	0.75	THUSAM-S-C-1A	14	0.3263	0.3016	0.28	THUSAM-S-C-1A	14	0.741666667
THUSAM-S-C-1A	15	0.6319	0.7863	1	THUSAM-S-C-1A	15	0.5872	0.5866	0.5882	THUSAM-S-C-1A	15	0.716666667
THUSAM-S-C-1A	16	0.3877	0.3957	0.4	THUSAM-S-C-1A	16	0.2878	0.28	0.25	THUSAM-S-C-1A	16	0.382063492
THUSAM-S-C-1A	17	0	0	0	THUSAM-S-C-1A	17	0.2418	0.2981	0.35	THUSAM-S-C-1A	17	0
THUSAM-S-C-1A	18	0.1145	0.2103	0.3333	THUSAM-S-C-1A	18	0.49	0.4003	0.3333	THUSAM-S-C-1A	18	0.3375
THUSAM-S-C-1A	19	0.4937	0.4748	0.5	THUSAM-S-C-1A	19	0.6746	0.4184	0.1765	THUSAM-S-C-1A	19	0.56
THUSAM-S-C-1A	20	0.6512	0.6188	0.6	THUSAM-S-C-1A	20	0.5543	0.4266	0.3	THUSAM-S-C-1A	20	0.511111111
THUSAM-S-C-1A	21	0.3348	0.4981	0.6667	THUSAM-S-C-1A	21	0.3107	0.2388	0.16	THUSAM-S-C-1A	21	0.438888889
THUSAM-S-C-1A	22	0.2209	0.4722	0.75	THUSAM-S-C-1A	22	0.6465	0.5776	0.5	THUSAM-S-C-1A	22	0.64
THUSAM-S-C-1A	23	0.4626	0.7405	1	THUSAM-S-C-1A	23	0.7679	0.5655	0.375	THUSAM-S-C-1A	23	0.914285714
THUSAM-S-C-1A	24	0.2868	0.4768	0.6667	THUSAM-S-C-1A	24	0.3991	0.278	0.1714	THUSAM-S-C-1A	24	0.485
THUSAM-S-C-1A	25	0.3693	0.3217	0.2	THUSAM-S-C-1A	25	0.3643	0.3502	0.3636	THUSAM-S-C-1A	25	1
THUSAM-S-C-1A	26	0.2969	0.4448	0.6	THUSAM-S-C-1A	26	0.3121	0.4059	0.5	THUSAM-S-C-1A	26	0.375714286
THUSAM-S-C-1A	27	0.4996	0.7716	1	THUSAM-S-C-1A	27	0.7935	0.6909	0.6	THUSAM-S-C-1A	27	0.685
THUSAM-S-C-1A	28	0.3893	0.6906	1	THUSAM-S-C-1A	28	0.7258	0.4867	0.2593	THUSAM-S-C-1A	28	0.619444444
THUSAM-S-C-1A	29	0.2839	0.4883	0.6667	THUSAM-S-C-1A	29	0.7028	0.5903	0.48	THUSAM-S-C-1A	29	0.38
THUSAM-S-C-1A	30	0.2726	0.4667	0.6667	THUSAM-S-C-1A	30	0.4298	0.3538	0.28	THUSAM-S-C-1A	30	0.5
THUSAM-S-C-1A	31	0.2191	0.2986	0.3333	THUSAM-S-C-1A	31	0.2846	0.3151	0.3571	THUSAM-S-C-1A	31	0.6
THUSAM-S-C-1A	32	0.2381	0.3715	0.5	THUSAM-S-C-1A	32	0.6356	0.5325	0.4231	THUSAM-S-C-1A	32	0.32
THUSAM-S-C-1A	33	0.2275	0.6377	1	THUSAM-S-C-1A	33	0	0	0	THUSAM-S-C-1A	33	0
THUSAM-S-C-2A	1	0.5235	0.5958	0.6	THUSAM-S-C-2A	1	0.541	0.5133	0.5	THUSAM-S-C-2A	1	0.533333333
THUSAM-S-C-2A	2	0.2701	0.2215	0.2	THUSAM-S-C-2A	2	0.4446	0.3536	0.2857	THUSAM-S-C-2A	2	0.638095238
THUSAM-S-C-2A	3	0.1608	0.271	0.4	THUSAM-S-C-2A	3	0.436	0.5733	0.6923	THUSAM-S-C-2A	3	0.333333333
THUSAM-S-C-2A	4	0	0	0	THUSAM-S-C-2A	4	0.335	0.1939	0.075	THUSAM-S-C-2A	4	0
THUSAM-S-C-2A	5	0.3582	0.4842	0.6	THUSAM-S-C-2A	5	0.6777	0.5933	0.5238	THUSAM-S-C-2A	5	0.4
THUSAM-S-C-2A	6	0.4272	0.3821	0.4	THUSAM-S-C-2A	6	0.4387	0.4099	0.4	THUSAM-S-C-2A	6	0.733333333
THUSAM-S-C-2A	7	0.1828	0.3553	0.5	THUSAM-S-C-2A	7	0.4361	0.3579	0.3043	THUSAM-S-C-2A	7	0.175
THUSAM-S-C-2A	8	0.2226	0.3583	0.5	THUSAM-S-C-2A	8	0.682	0.583	0.5	THUSAM-S-C-2A	8	0.6
THUSAM-S-C-2A	9	0.2759	0.4391	0.6	THUSAM-S-C-2A	9	0.3479	0.4029	0.4615	THUSAM-S-C-2A	9	0.320833333
THUSAM-S-C-2A	10	0.3592	0.549	0.75	THUSAM-S-C-2A	10	0.6428	0.6623	0.6875	THUSAM-S-C-2A	10	0.36875
THUSAM-S-C-2A	11	0.3681	0.5519	0.75	THUSAM-S-C-2A	11	0.4458	0.4128	0.375	THUSAM-S-C-2A	11	0.55
THUSAM-S-C-2A	12	0.6707	0.8336	1	THUSAM-S-C-2A	12	0.7868	0.6576	0.5333	THUSAM-S-C-2A	12	0.8
THUSAM-S-C-2A	13	0.441	0.6945	1	THUSAM-S-C-2A	13	0.8312	0.913	1	THUSAM-S-C-2A	13	0.575
THUSAM-S-C-2A	14	0.1347	0.439	0.75	THUSAM-S-C-2A	14	0.41	0.3506	0.28	THUSAM-S-C-2A	14	0.6
THUSAM-S-C-2A	15	0.3363	0.5148	0.6667	THUSAM-S-C-2A	15	0.5481	0.6227	0.7059	THUSAM-S-C-2A	15	0.48125
THUSAM-S-C-2A	16	0.3937	0.5069	0.6	THUSAM-S-C-2A	16	0.3205	0.4354	0.5455	THUSAM-S-C-2A	16	0.525
THUSAM-S-C-2A	17	0	0	0	THUSAM-S-C-2A	17	0.3162	0.2967	0.3	THUSAM-S-C-2A	17	0
THUSAM-S-C-2A	18	0.1908	0.2607	0.3333	THUSAM-S-C-2A	18	0.5945	0.5371	0.5	THUSAM-S-C-2A	18	0.455753968
THUSAM-S-C-2A	19	0.2506	0.6226	1	THUSAM-S-C-2A	19	0.6665	0.4435	0.2353	THUSAM-S-C-2A	19	0.613888889
THUSAM-S-C-2A	20	0.5413	0.5734	0.6	THUSAM-S-C-2A	20	0.4922	0.4796	0.45	THUSAM-S-C-2A	20	0.4625
THUSAM-S-C-2A	21	0.1779	0.4183	0.6667	THUSAM-S-C-2A	21	0.25	0.3268	0.4	THUSAM-S-C-2A	21	0.158333333
THUSAM-S-C-2A	22	0.0909	0.1626	0.25	THUSAM-S-C-2A	22	0.0417	0.0442	0.0556	THUSAM-S-C-2A	22	0.166666667
THUSAM-S-C-2A	23	0.2385	0.6181	1	THUSAM-S-C-2A	23	0.7765	0.5697	0.375	THUSAM-S-C-2A	23	0.742857143
THUSAM-S-C-2A	24	0.2131	0.4362	0.6667	THUSAM-S-C-2A	24	0.4449	0.3277	0.2286	THUSAM-S-C-2A	24	0.5
THUSAM-S-C-2A	25	0.3461	0.2721	0.2	THUSAM-S-C-2A	25	0.9016	0.7725	0.6364	THUSAM-S-C-2A	25	0.76
THUSAM-S-C-2A	26	0.0791	0.1302	0.2	THUSAM-S-C-2A	26	0.4123	0.526	0.65	THUSAM-S-C-2A	26	0.2
THUSAM-S-C-2A	27	0.502	0.3984	0.3333	THUSAM-S-C-2A	27	0.8492	0.6203	0.4	THUSAM-S-C-2A	27	0.75
THUSAM-S-C-2A	28	0.1466	0.3315	0.5	THUSAM-S-C-2A	28	0.5264	0.4365	0.3704	THUSAM-S-C-2A	28	0.462962963
THUSAM-S-C-2A	29	0.3192	0.3264	0.3333	THUSAM-S-C-2A	29	0.5785	0.5232	0.48	THUSAM-S-C-2A	29	0.55
THUSAM-S-C-2A	30	0.1053	0.2112	0.3333	THUSAM-S-C-2A	30	0.3678	0.4342	0.52	THUSAM-S-C-2A	30	0.1875
THUSAM-S-C-2A	31	0.2191	0.2986	0.3333	THUSAM-S-C-2A	31	0.2627	0.3109	0.3571	THUSAM-S-C-2A	31	0.6
THUSAM-S-C-2A	32	0.0544	0.1512	0.25	THUSAM-S-C-2A	32	0.6054	0.6045	0.6154	THUSAM-S-C-2A	32	0.1
THUSAM-S-C-2A	33	0.2275	0.6377	1	THUSAM-S-C-2A	33	0	0	0	THUSAM-S-C-2A	33	0
THUSAM-S-C-3A	1	0.1656	0.2838	0.4	THUSAM-S-C-3A	1	0.7142	0.5691	0.4286	THUSAM-S-C-3A	1	0.32
THUSAM-S-C-3A	2	0.1125	0.2498	0.4	THUSAM-S-C-3A	2	0.5665	0.6316	0.7143	THUSAM-S-C-3A	2	0.25
THUSAM-S-C-3A	3	0.2131	0.3056	0.4	THUSAM-S-C-3A	3	0.2636	0.4012	0.5385	THUSAM-S-C-3A	3	0.1
THUSAM-S-C-3A	4	0.101	0.3063	0.5	THUSAM-S-C-3A	4	0.5118	0.4574	0.425	THUSAM-S-C-3A	4	0.32
THUSAM-S-C-3A	5	0.1407	0.3712	0.6	THUSAM-S-C-3A	5	0.6581	0.5604	0.4762	THUSAM-S-C-3A	5	0.025
THUSAM-S-C-3A	6	0.0766	0.2327	0.4	THUSAM-S-C-3A	6	0.4311	0.3801	0.35	THUSAM-S-C-3A	6	0.333333333
THUSAM-S-C-3A	7	0.2406	0.6182	1	THUSAM-S-C-3A	7	0.4949	0.4131	0.3478	THUSAM-S-C-3A	7	0.345
THUSAM-S-C-3A	8	0.2564	0.3758	0.5	THUSAM-S-C-3A	8	0.6055	0.5427	0.5	THUSAM-S-C-3A	8	0.625
THUSAM-S-C-3A	9	0.1878	0.2903	0.4	THUSAM-S-C-3A	9	0.2708	0.3669	0.4615	THUSAM-S-C-3A	9	0.466666667
THUSAM-S-C-3A	10	0.0262	0.1393	0.25	THUSAM-S-C-3A	10	0.4934	0.6232	0.75	THUSAM-S-C-3A	10	0.102222222
THUSAM-S-C-3A	11	0.1841	0.5877	1	THUSAM-S-C-3A	11	0.3979	0.3392	0.3125	THUSAM-S-C-3A	11	0.341666667
THUSAM-S-C-3A	12	0.1798	0.3377	0.5	THUSAM-S-C-3A	12	0.5477	0.4655	0.4	THUSAM-S-C-3A	12	0.166666667
THUSAM-S-C-3A	13	0.1565	0.5766	1	THUSAM-S-C-3A	13	0.5751	0.6093	0.6667	THUSAM-S-C-3A	13	0.3
THUSAM-S-C-3A	14	0.1319	0.4432	0.75	THUSAM-S-C-3A	14	0.4463	0.4491	0.48	THUSAM-S-C-3A	14	0.35
THUSAM-S-C-3A	15	0.2102	0.6077	1	THUSAM-S-C-3A	15	0.6321	0.6299	0.6471	THUSAM-S-C-3A	15	0.666666667
THUSAM-S-C-3A	16	0.1348	0.2646	0.4	THUSAM-S-C-3A	16	0.1645	0.1569	0.1591	THUSAM-S-C-3A	16	0.45
THUSAM-S-C-3A	17	0	0	0	THUSAM-S-C-3A	17	0.0626	0.0832	0.1	THUSAM-S-C-3A	17	0
THUSAM-S-C-3A	18	0.2256	0.4441	0.6667	THUSAM-S-C-3A	18	0.3036	0.2657	0.25	THUSAM-S-C-3A	18	0.15
THUSAM-S-C-3A	19	0.1799	0.3389	0.5	THUSAM-S-C-3A	19	0.492	0.3814	0.2941	THUSAM-S-C-3A	19	0.075
THUSAM-S-C-3A	20	0.1664	0.2823	0.4	THUSAM-S-C-3A	20	0.5142	0.4884	0.45	THUSAM-S-C-3A	20	0.375
THUSAM-S-C-3A	21	0.249	0.4579	0.6667	THUSAM-S-C-3A	21	0.1144	0.1177	0.12	THUSAM-S-C-3A	21	0.08
THUSAM-S-C-3A	22	0.095	0.1764	0.25	THUSAM-S-C-3A	22	0.4932	0.3216	0.1667	THUSAM-S-C-3A	22	0.125
THUSAM-S-C-3A	23	0.1411	0.5663	1	THUSAM-S-C-3A	23	0.4729	0.3478	0.25	THUSAM-S-C-3A	23	1
THUSAM-S-C-3A	24	0.1416	0.396	0.6667	THUSAM-S-C-3A	24	0.1948	0.2153	0.2571	THUSAM-S-C-3A	24	0.186666667
THUSAM-S-C-3A	25	0.2848	0.2421	0.2	THUSAM-S-C-3A	25	0.6202	0.6219	0.6364	THUSAM-S-C-3A	25	0.625
THUSAM-S-C-3A	26	0.2081	0.4051	0.6	THUSAM-S-C-3A	26	0.4768	0.454	0.45	THUSAM-S-C-3A	26	0.265396825
THUSAM-S-C-3A	27	0.0819	0.3749	0.6667	THUSAM-S-C-3A	27	0.5308	0.5528	0.6	THUSAM-S-C-3A	27	0.875
THUSAM-S-C-3A	28	0.1876	0.3428	0.5	THUSAM-S-C-3A	28	0.5484	0.467	0.4074	THUSAM-S-C-3A	28	0.302777778
THUSAM-S-C-3A	29	0.233	0.2816	0.3333	THUSAM-S-C-3A	29	0.2655	0.2812	0.32	THUSAM-S-C-3A	29	0.077777778
THUSAM-S-C-3A	30	0.1145	0.2141	0.3333	THUSAM-S-C-3A	30	0.3164	0.3238	0.36	THUSAM-S-C-3A	30	0.258333333
THUSAM-S-C-3A	31	0.1568	0.4102	0.6667	THUSAM-S-C-3A	31	0.2845	0.2387	0.2143	THUSAM-S-C-3A	31	0.277777778
THUSAM-S-C-3A	32	0.1242	0.313	0.5	THUSAM-S-C-3A	32	0.4812	0.382	0.3077	THUSAM-S-C-3A	32	1
THUSAM-S-C-3A	33	0.2275	0.6377	1	THUSAM-S-C-3A	33	0	0	0	THUSAM-S-C-3A	33	0
THUSAM-S-C-4A	1	0.1656	0.2838	0.4	THUSAM-S-C-4A	1	0.7142	0.5691	0.4286	THUSAM-S-C-4A	1	0.32
THUSAM-S-C-4A	2	0.1125	0.2498	0.4	THUSAM-S-C-4A	2	0.5665	0.6316	0.7143	THUSAM-S-C-4A	2	0.25
THUSAM-S-C-4A	3	0.2131	0.3056	0.4	THUSAM-S-C-4A	3	0.2636	0.4012	0.5385	THUSAM-S-C-4A	3	0.1
THUSAM-S-C-4A	4	0.101	0.3063	0.5	THUSAM-S-C-4A	4	0.5118	0.4574	0.425	THUSAM-S-C-4A	4	0.32
THUSAM-S-C-4A	5	0.1407	0.3712	0.6	THUSAM-S-C-4A	5	0.6581	0.5604	0.4762	THUSAM-S-C-4A	5	0.025
THUSAM-S-C-4A	6	0.0766	0.2327	0.4	THUSAM-S-C-4A	6	0.4311	0.3801	0.35	THUSAM-S-C-4A	6	0.333333333
THUSAM-S-C-4A	7	0.2406	0.6182	1	THUSAM-S-C-4A	7	0.4949	0.4131	0.3478	THUSAM-S-C-4A	7	0.345
THUSAM-S-C-4A	8	0.2564	0.3758	0.5	THUSAM-S-C-4A	8	0.6826	0.583	0.5	THUSAM-S-C-4A	8	0.625
THUSAM-S-C-4A	9	0.1878	0.2903	0.4	THUSAM-S-C-4A	9	0.2708	0.3669	0.4615	THUSAM-S-C-4A	9	0.466666667
THUSAM-S-C-4A	10	0.0262	0.1393	0.25	THUSAM-S-C-4A	10	0.4934	0.6232	0.75	THUSAM-S-C-4A	10	0.102222222
THUSAM-S-C-4A	11	0.1841	0.5877	1	THUSAM-S-C-4A	11	0.3979	0.3392	0.3125	THUSAM-S-C-4A	11	0.341666667
THUSAM-S-C-4A	12	0.1798	0.3377	0.5	THUSAM-S-C-4A	12	0.5477	0.4655	0.4	THUSAM-S-C-4A	12	0.166666667
THUSAM-S-C-4A	13	0.1565	0.5766	1	THUSAM-S-C-4A	13	0.5751	0.6093	0.6667	THUSAM-S-C-4A	13	0.3
THUSAM-S-C-4A	14	0.1319	0.4432	0.75	THUSAM-S-C-4A	14	0.4463	0.4491	0.48	THUSAM-S-C-4A	14	0.35
THUSAM-S-C-4A	15	0.2102	0.6077	1	THUSAM-S-C-4A	15	0.6321	0.6299	0.6471	THUSAM-S-C-4A	15	0.666666667
THUSAM-S-C-4A	16	0.1348	0.2646	0.4	THUSAM-S-C-4A	16	0.1645	0.1569	0.1591	THUSAM-S-C-4A	16	0.45
THUSAM-S-C-4A	17	0	0	0	THUSAM-S-C-4A	17	0.0626	0.0832	0.1	THUSAM-S-C-4A	17	0
THUSAM-S-C-4A	18	0.2256	0.4441	0.6667	THUSAM-S-C-4A	18	0.3036	0.2657	0.25	THUSAM-S-C-4A	18	0.15
THUSAM-S-C-4A	19	0.1799	0.3389	0.5	THUSAM-S-C-4A	19	0.492	0.3814	0.2941	THUSAM-S-C-4A	19	0.075
THUSAM-S-C-4A	20	0.1664	0.2823	0.4	THUSAM-S-C-4A	20	0.5142	0.4884	0.45	THUSAM-S-C-4A	20	0.375
THUSAM-S-C-4A	21	0.249	0.4579	0.6667	THUSAM-S-C-4A	21	0.1144	0.1177	0.12	THUSAM-S-C-4A	21	0.08
THUSAM-S-C-4A	22	0.095	0.1764	0.25	THUSAM-S-C-4A	22	0.4932	0.3216	0.1667	THUSAM-S-C-4A	22	0.125
THUSAM-S-C-4A	23	0.1411	0.5663	1	THUSAM-S-C-4A	23	0.4729	0.3478	0.25	THUSAM-S-C-4A	23	1
THUSAM-S-C-4A	24	0.1416	0.396	0.6667	THUSAM-S-C-4A	24	0.1948	0.2153	0.2571	THUSAM-S-C-4A	24	0.186666667
THUSAM-S-C-4A	25	0.2848	0.2421	0.2	THUSAM-S-C-4A	25	0.6202	0.6219	0.6364	THUSAM-S-C-4A	25	0.625
THUSAM-S-C-4A	26	0.2081	0.4051	0.6	THUSAM-S-C-4A	26	0.4768	0.454	0.45	THUSAM-S-C-4A	26	0.265396825
THUSAM-S-C-4A	27	0.0819	0.3749	0.6667	THUSAM-S-C-4A	27	0.5308	0.5528	0.6	THUSAM-S-C-4A	27	0.875
THUSAM-S-C-4A	28	0.1876	0.3428	0.5	THUSAM-S-C-4A	28	0.5484	0.467	0.4074	THUSAM-S-C-4A	28	0.302777778
THUSAM-S-C-4A	29	0.233	0.2816	0.3333	THUSAM-S-C-4A	29	0.2655	0.2812	0.32	THUSAM-S-C-4A	29	0.077777778
THUSAM-S-C-4A	30	0.1145	0.2141	0.3333	THUSAM-S-C-4A	30	0.3164	0.3238	0.36	THUSAM-S-C-4A	30	0.258333333
THUSAM-S-C-4A	31	0.1568	0.4102	0.6667	THUSAM-S-C-4A	31	0.2845	0.2387	0.2143	THUSAM-S-C-4A	31	0.277777778
THUSAM-S-C-4A	32	0.1242	0.313	0.5	THUSAM-S-C-4A	32	0.4812	0.382	0.3077	THUSAM-S-C-4A	32	1
THUSAM-S-C-4A	33	0.2275	0.6377	1	THUSAM-S-C-4A	33	0	0	0	THUSAM-S-C-4A	33	0
THUSAM-S-C-5A	1	0.5263	0.6977	0.8	THUSAM-S-C-5A	1	0.6813	0.6232	0.5714	THUSAM-S-C-5A	1	0.48
THUSAM-S-C-5A	2	0.2148	0.3132	0.4	THUSAM-S-C-5A	2	0.3818	0.4744	0.5714	THUSAM-S-C-5A	2	0.482638889
THUSAM-S-C-5A	3	0.2523	0.3152	0.4	THUSAM-S-C-5A	3	0.3619	0.5353	0.6923	THUSAM-S-C-5A	3	0.35
THUSAM-S-C-5A	4	0.229	0.3705	0.5	THUSAM-S-C-5A	4	0.5515	0.4195	0.3	THUSAM-S-C-5A	4	0.45
THUSAM-S-C-5A	5	0.4627	0.5557	0.6	THUSAM-S-C-5A	5	0.7261	0.6667	0.619	THUSAM-S-C-5A	5	0.645
THUSAM-S-C-5A	6	0.383	0.457	0.6	THUSAM-S-C-5A	6	0.4624	0.4073	0.35	THUSAM-S-C-5A	6	0.744444444
THUSAM-S-C-5A	7	0.1942	0.3589	0.5	THUSAM-S-C-5A	7	0.3285	0.2166	0.1304	THUSAM-S-C-5A	7	0.15
THUSAM-S-C-5A	8	0.2564	0.3758	0.5	THUSAM-S-C-5A	8	0.5683	0.5239	0.5	THUSAM-S-C-5A	8	0.580952381
THUSAM-S-C-5A	9	0.2694	0.4339	0.6	THUSAM-S-C-5A	9	0.2435	0.3333	0.4231	THUSAM-S-C-5A	9	0.583333333
THUSAM-S-C-5A	10	0.338	0.5422	0.75	THUSAM-S-C-5A	10	0.3623	0.593	0.8125	THUSAM-S-C-5A	10	0.4875
THUSAM-S-C-5A	11	0.4794	0.5756	0.75	THUSAM-S-C-5A	11	0.2745	0.2954	0.3125	THUSAM-S-C-5A	11	0.458333333
THUSAM-S-C-5A	12	0.5598	0.7982	1	THUSAM-S-C-5A	12	0.7857	0.6243	0.4667	THUSAM-S-C-5A	12	0.9
THUSAM-S-C-5A	13	0.441	0.7409	1	THUSAM-S-C-5A	13	0.8529	0.9222	1	THUSAM-S-C-5A	13	0.45
THUSAM-S-C-5A	14	0.1128	0.4396	0.75	THUSAM-S-C-5A	14	0.5012	0.5982	0.72	THUSAM-S-C-5A	14	0.5
THUSAM-S-C-5A	15	0.2176	0.6107	1	THUSAM-S-C-5A	15	0.8356	0.6192	0.4118	THUSAM-S-C-5A	15	0.525714286
THUSAM-S-C-5A	16	0.3937	0.4791	0.6	THUSAM-S-C-5A	16	0.2877	0.364	0.4318	THUSAM-S-C-5A	16	0.55
THUSAM-S-C-5A	17	0	0	0	THUSAM-S-C-5A	17	0.0926	0.1237	0.15	THUSAM-S-C-5A	17	0
THUSAM-S-C-5A	18	0.0477	0.1915	0.3333	THUSAM-S-C-5A	18	0.4309	0.4125	0.4167	THUSAM-S-C-5A	18	0.233333333
THUSAM-S-C-5A	19	0.244	0.6201	1	THUSAM-S-C-5A	19	0.7618	0.5827	0.4118	THUSAM-S-C-5A	19	0.52
THUSAM-S-C-5A	20	0.5413	0.5734	0.6	THUSAM-S-C-5A	20	0.4893	0.5263	0.55	THUSAM-S-C-5A	20	0.375
THUSAM-S-C-5A	21	0.1841	0.4157	0.6667	THUSAM-S-C-5A	21	0.1477	0.2386	0.32	THUSAM-S-C-5A	21	0.18
THUSAM-S-C-5A	22	0.0836	0.1603	0.25	THUSAM-S-C-5A	22	0.391	0.3239	0.2778	THUSAM-S-C-5A	22	0.025
THUSAM-S-C-5A	23	0.1942	0.5913	1	THUSAM-S-C-5A	23	0.6783	0.4553	0.25	THUSAM-S-C-5A	23	0.7
THUSAM-S-C-5A	24	0.1692	0.4278	0.6667	THUSAM-S-C-5A	24	0.3408	0.3092	0.2857	THUSAM-S-C-5A	24	0.3
THUSAM-S-C-5A	25	0.2848	0.2421	0.2	THUSAM-S-C-5A	25	0.6219	0.6233	0.6364	THUSAM-S-C-5A	25	0.625
THUSAM-S-C-5A	26	0.0791	0.1479	0.2	THUSAM-S-C-5A	26	0.5262	0.4533	0.4	THUSAM-S-C-5A	26	0.18
THUSAM-S-C-5A	27	0.5735	0.4503	0.3333	THUSAM-S-C-5A	27	0.8772	0.735	0.6	THUSAM-S-C-5A	27	0.651111111
THUSAM-S-C-5A	28	0.3336	0.4179	0.5	THUSAM-S-C-5A	28	0.6798	0.6279	0.5926	THUSAM-S-C-5A	28	0.85
THUSAM-S-C-5A	29	0.2687	0.2886	0.3333	THUSAM-S-C-5A	29	0.4101	0.4424	0.48	THUSAM-S-C-5A	29	0.317142857
THUSAM-S-C-5A	30	0.1145	0.2141	0.3333	THUSAM-S-C-5A	30	0.3164	0.3238	0.36	THUSAM-S-C-5A	30	0.258333333
THUSAM-S-C-5A	31	0.1568	0.4102	0.6667	THUSAM-S-C-5A	31	0.2669	0.1938	0.1429	THUSAM-S-C-5A	31	0.444444444
THUSAM-S-C-5A	32	0.0372	0.1452	0.25	THUSAM-S-C-5A	32	0.6597	0.6788	0.6923	THUSAM-S-C-5A	32	0.15
THUSAM-S-C-5A	33	0.2275	0.6377	1	THUSAM-S-C-5A	33	0	0	0	THUSAM-S-C-5A	33	0
TUTA1-S-C-1A	1	0.039	0.3215	0.6	TUTA1-S-C-1A	1	0.3231	0.3735	0.4286	TUTA1-S-C-1A	1	0.37
TUTA1-S-C-1A	2	0.018	0.1068	0.2	TUTA1-S-C-1A	2	0.4516	0.431	0.4286	TUTA1-S-C-1A	2	0.634782609
TUTA1-S-C-1A	3	0.0144	0.1055	0.2	TUTA1-S-C-1A	3	0.6333	0.6972	0.7692	TUTA1-S-C-1A	3	0.324324324
TUTA1-S-C-1A	4	0.0294	0.5143	1	TUTA1-S-C-1A	4	0.3183	0.3248	0.35	TUTA1-S-C-1A	4	0.045454545
TUTA1-S-C-1A	5	0.2469	0.3456	0.4	TUTA1-S-C-1A	5	0.6345	0.642	0.6667	TUTA1-S-C-1A	5	0.318181818
TUTA1-S-C-1A	6	0.3383	0.3337	0.4	TUTA1-S-C-1A	6	0.5829	0.5589	0.55	TUTA1-S-C-1A	6	0.653439153
TUTA1-S-C-1A	7	0.0075	0.254	0.5	TUTA1-S-C-1A	7	0.2362	0.3836	0.5217	TUTA1-S-C-1A	7	0.01875
TUTA1-S-C-1A	8	0.0169	0.2601	0.5	TUTA1-S-C-1A	8	0.312	0.3903	0.5	TUTA1-S-C-1A	8	0.1
TUTA1-S-C-1A	9	0.0168	0.1064	0.2	TUTA1-S-C-1A	9	0.262	0.3172	0.3846	TUTA1-S-C-1A	9	0.696969697
TUTA1-S-C-1A	10	0.2459	0.3977	0.5	TUTA1-S-C-1A	10	0.4247	0.4987	0.5625	TUTA1-S-C-1A	10	0.106060606
TUTA1-S-C-1A	11	0.1857	0.324	0.5	TUTA1-S-C-1A	11	0.5167	0.5	0.5	TUTA1-S-C-1A	11	0.238095238
TUTA1-S-C-1A	12	0.4169	0.7358	1	TUTA1-S-C-1A	12	0.5025	0.5762	0.6667	TUTA1-S-C-1A	12	0.333333333
TUTA1-S-C-1A	13	0.0149	0.259	0.5	TUTA1-S-C-1A	13	0.7399	0.863	1	TUTA1-S-C-1A	13	0.393939394
TUTA1-S-C-1A	14	0.0454	0.2737	0.5	TUTA1-S-C-1A	14	0.4817	0.503	0.52	TUTA1-S-C-1A	14	0.126666667
TUTA1-S-C-1A	15	0.6043	0.6334	0.6667	TUTA1-S-C-1A	15	0.5743	0.5169	0.4706	TUTA1-S-C-1A	15	0.237908497
TUTA1-S-C-1A	16	0.0337	0.2162	0.4	TUTA1-S-C-1A	16	0.3616	0.4325	0.5	TUTA1-S-C-1A	16	0.034482759
TUTA1-S-C-1A	17	0.1319	0.3712	0.6	TUTA1-S-C-1A	17	0.2255	0.3163	0.4	TUTA1-S-C-1A	17	0.055
TUTA1-S-C-1A	18	0.0095	0.1716	0.3333	TUTA1-S-C-1A	18	0.0739	0.1195	0.1667	TUTA1-S-C-1A	18	0
TUTA1-S-C-1A	19	0.0378	0.2685	0.5	TUTA1-S-C-1A	19	0.5542	0.5098	0.4706	TUTA1-S-C-1A	19	0.555555556
TUTA1-S-C-1A	20	0.0748	0.2398	0.4	TUTA1-S-C-1A	20	0.5695	0.6799	0.8	TUTA1-S-C-1A	20	0.108333333
TUTA1-S-C-1A	21	0.0385	0.354	0.6667	TUTA1-S-C-1A	21	0.3828	0.3666	0.36	TUTA1-S-C-1A	21	0.064814815
TUTA1-S-C-1A	22	0.145	0.3318	0.5	TUTA1-S-C-1A	22	0.5392	0.5725	0.6111	TUTA1-S-C-1A	22	0.274458874
TUTA1-S-C-1A	23	0.2398	0.3947	0.5	TUTA1-S-C-1A	23	0.565	0.4787	0.375	TUTA1-S-C-1A	23	0.244444444
TUTA1-S-C-1A	24	0	0	0	TUTA1-S-C-1A	24	0.1463	0.2486	0.3429	TUTA1-S-C-1A	24	0.078341014
TUTA1-S-C-1A	25	0.0082	0.1042	0.2	TUTA1-S-C-1A	25	0.2989	0.4259	0.5455	TUTA1-S-C-1A	25	0.010416667
TUTA1-S-C-1A	26	0.0462	0.3225	0.6	TUTA1-S-C-1A	26	0.343	0.3856	0.45	TUTA1-S-C-1A	26	0.34375
TUTA1-S-C-1A	27	0.0502	0.1914	0.3333	TUTA1-S-C-1A	27	0.7428	0.8641	1	TUTA1-S-C-1A	27	0.860606061
TUTA1-S-C-1A	28	0.1698	0.5806	1	TUTA1-S-C-1A	28	0.4114	0.4476	0.4815	TUTA1-S-C-1A	28	0.31
TUTA1-S-C-1A	29	0.0186	0.1737	0.3333	TUTA1-S-C-1A	29	0.2041	0.3152	0.44	TUTA1-S-C-1A	29	0.071428571
TUTA1-S-C-1A	30	0.0848	0.3685	0.6667	TUTA1-S-C-1A	30	0.1742	0.2886	0.4	TUTA1-S-C-1A	30	0.205555556
TUTA1-S-C-1A	31	0.2191	0.2986	0.3333	TUTA1-S-C-1A	31	0.0635	0.0702	0.0714	TUTA1-S-C-1A	31	0
TUTA1-S-C-1A	32	0.0966	0.1805	0.25	TUTA1-S-C-1A	32	0.3364	0.349	0.3846	TUTA1-S-C-1A	32	0.166666667
TUTA1-S-C-1A	33	0	0	0	TUTA1-S-C-1A	33	0.0249	0.0418	0.0625	TUTA1-S-C-1A	33	0
