101,トイストーリーシド,シドのcd一覧,0
101,トイストーリーシド,シドの本楽譜一覧,0
101,シド 音楽,シド 音楽 記事,1
101,シドしんぢ,シドとチョコボの不思議,0
101,トイストーリーシド,シドマイヤーズアルファ,0
101,トイストーリーシド,シドゆうや,0
101,シド FF,シド FF FF,0
101,トイストーリーシド,シドファン,0
101,シドのcd一覧,シドv.i.p,1
101,シド残り香,シド残り香視聴,1
101,シドのcd一覧,シドの本楽譜一覧,0
101,シド黒執事,シドマオ,0
101,シドのcd一覧,シド歌詞,1
101,シドしんぢ,シド武道館,0
101,シド 音楽,シド 音楽 エル,1
101,シド残り香,シドのライブ,0
101,シド 音楽,シド 音楽 チケット,1
101,シド マオ,シド マオ SID,1
101,シド残り香,シドdvdブルーレイ,0
101,シドしんぢ,シド音楽,0
101,シド マオ,シド マオ JOYSOUND,1
101,トイストーリーシド,シド妄想日記2,0
101,シド マオ,シド マオ グラス,1
101,シドマイヤーズアルファ,シドマオブログ,0
101,シド残り香,シド嘘mp3,0
101,シドのcd一覧,シドdvdブルーレイ,1
101,シドマイヤーズアルファ,シドゆうや,0
101,シド 音楽,シド 音楽 動画,1
101,シド シド?ヴィシャス,シド シド?ヴィシャス BIKE,1
101,シドのcd一覧,シドのcd一覧紹介,1
101,シドしんぢ,シド夏恋,0
101,トイストーリーシド,明希とシドを結成,0
101,トイストーリーシド,シドチケット,0
101,シドのcd一覧,シドレイン,1
101,シド残り香,シドサマラバ,0
101,トイストーリーシド,シドdvdブルーレイ,0
101,シドしんぢ,シドマオブログ,0
101,トイストーリーシド,シド嘘,0
101,トイストーリーシド,シドレイン,0
101,シドマイヤーズアルファ,シドマイヤーズアルファ紹介,1
101,シドしんぢ,シドモノクロのキス,0
101,シド 音楽,シド 音楽 ヤフオク,1
101,シド 明希,シド 明希 大沢,1
101,トイストーリーシド,シドの動画,0
101,トイストーリーシド,トイストーリーシド紹介,1
101,シド マオ,シド マオ シャイン,1
101,シド黒執事,シドv.i.p,0
101,シドしんぢ,シド妄想日記2,0
101,トイストーリーシド,シドプロフィール,0
101,シドしんぢ,シドチケット,0
101,シド残り香,明希とシドを結成,0
101,シド 音楽,シド 音楽 SID,1
101,シド 音楽,シド 音楽 21ペア,1
101,シド 音楽,シド 音楽 音楽,0
101,シド マオ,シド マオ マオ,0
101,シド シド?ヴィシャス,シド シド?ヴィシャス プリ,0
101,シド 明希,シド 明希 エル,1
101,シド マオ,シド マオ 画像,1
101,シド黒執事,シドモノクロ,0
101,トイストーリーシド,シドモノクロ,0
101,シド黒執事,シド嘘mp3,0
101,シドのcd一覧,シド黒執事,0
101,シドしんぢ,シドゲーム,0
101,シド 明希,シド 明希 ホームページ,1
101,シド残り香,シドレイン,0
101,シド黒執事,シドのベース明希,0
101,シドマイヤーズアルファ,明希とシドを結成,0
101,シドマイヤーズアルファ,シドプロフィール,0
101,シド マオ,シド マオ 作る,1
101,シド 明希,シド 明希 明希,0
101,シド 音楽,シド 音楽 電撃,1
101,トイストーリーシド,シドヴィシャスポスター,0
101,シドしんぢ,シド残り香視聴,0
101,シド残り香,シドゆうや,0
101,シドマイヤーズアルファ,シドの動画,0
101,シド黒執事,シド黒執事紹介,1
101,シドしんぢ,シドしんぢ紹介,1
101,シド 明希,シド 明希 Fans,1
101,シド 音楽,シド 音楽 バンド,1
101,シドしんぢ,シドの曲,0
101,シドのcd一覧,シドとチョコボの不思議,0
101,トイストーリーシド,シド無料動画,0
101,シド シド?ヴィシャス,シド シド?ヴィシャス シド?ヴィシャス,0
102,宇連ダム,ダム黒部ダム,0
102,宇連ダム,ダム下,0
102,ダム体積,ダム堤体積,1
102,ダム 徳山,ダム 徳山 鹿沼,1
102,ダム貯水率,ダム堤高,0
102,ダム所在地,ダム用語,0
102,ダム体積,アースダム,0
102,ダム所在地,ダム形式,0
102,ダム所在地,太田ダム,1
102,宇連ダム,アースダム,0
102,峡ダム,ダムdamとも,0
102,ダム貯水率,ダム湖,0
102,ダム心霊,滝畑ダム心霊,1
102,ダム所在地,ダム所在地紹介,1
102,ダム カード,ダム カード POWER,1
102,ダム総貯水容量,ダム地質,0
102,宇連ダム,宇連ダム紹介,1
102,ダム総貯水容量,ダムグラベルフィルダム,0
102,ダム心霊,亀山ダム釣果,0
102,ダム ボート,ダム ボート 大阪府,1
102,宇連ダム,土師ダム桜,0
102,ダム体積,ダム放流,0
102,ダム所在地,バットレスダム,1
102,ダム 徳山,ダム 徳山 アメーバ,1
102,峡ダム,ダムとも,0
102,ダム長,ダム型式一覧,0
102,ダム ボート,ダム ボート pref,0
102,ダム心霊,勝ダム,1
102,ダム長,ダムを遊ぶ動画,0
102,ダム ボート,ダム ボート 川辺川,1
102,ダム心霊,ダム黒部ダム死者,1
102,ダム長,ダム型式,0
102,ダム長,ダムリスト,0
102,ダム体積,ダム湛水面積,1
102,ダム 徳山,ダム 徳山 徳山,0
102,ダム体積,ダム流域面積,0
102,ダム所在地,ダム湖,0
102,ダム総貯水容量,土質遮水壁型ロックフィルダム,0
102,ダム カード,ダム カード 山口県,1
102,ダム体積,ダム堤高,0
102,ダム長,ダム下,0
102,ダム ボート,ダム ボート レンタル,1
102,峡ダム,ダム所在地,1
102,ダム体積,重力式コンクリートダム,0
102,ダム総貯水容量,コンクリートコアフィルダム,0
102,ダム 交通省,ダム 交通省 日和,1
102,宇連ダム,草木ダム,0
102,ダム 交通省,ダム 交通省 国土,1
102,ダム総貯水容量,ダム名,0
102,ダム 徳山,ダム 徳山 Ameba,1
102,ダム貯水率,ダム堤頂長,0
102,ダム 交通省,ダム 交通省 事務所,1
102,ダム体積,ダム堤頂長,0
102,ダムを遊ぶ動画,クロスボーンガンダム,0
102,ダム心霊,八ッ場ダム,1
102,ダム貯水率,ダムカード,0
102,ダム 交通省,ダム 交通省 地方,1
102,ダム ボート,ダム ボート マニア,1
102,ダム長,畑ダム,1
102,ダム 交通省,ダム 交通省 水源,1
102,ダム貯水率,漢那ダム,1
102,ダム貯水率,ダム貯水率紹介,1
102,宇連ダム,ダム早明浦ダム,0
102,ダム 交通省,ダム 交通省 防災,1
102,峡ダム,ダム便覧,0
102,宇連ダム,カラオケダム,0
102,ダム所在地,漢那ダム,1
102,ダム カード,ダム カード カード,0
102,ダム心霊,三峡ダム,1
102,ダム 交通省,ダム 交通省 交通省,0
102,ダム ボート,ダム ボート ボート,0
102,ダム貯水率,ダム総貯水容量,1
102,ダム総貯水容量,ダム河川名,0
102,宇連ダム,ダムdamカラオケ,0
102,ダム総貯水容量,ダムの位置,0
102,ダム所在地,草木ダム,1
102,ダム カード,ダム カード 北海道,1
102,ダム総貯水容量,福島県のダム,1
102,ダム体積,ダム概要,0
102,ダム貯水率,ダムの位置,0
102,ダム長,ダム総貯水容量,0
102,ダム 交通省,ダム 交通省 統合,1
102,峡ダム,ダムリスト,0
102,ダム体積,高根第一ダム,1
103,助け隊r,電子部品リスト電子部品のお助け隊rフィギュアネット,1
104,ハヤブサ 会社,ハヤブサ 会社 成形,0
104,ハヤブサとび,ハヤブサはやぶさなわとび,1
104,マスクマンハヤブサ,ハヤブサ釣り,0
104,マスクマンハヤブサ,ハヤブサプロレス,1
104,マスクマンハヤブサ,シロハヤブサ,0
104,マスクマンハヤブサ,メスハヤブサ,0
104,ハヤブサ涙,ハヤブサ掲示板,0
104,ハヤブサ Falcon,ハヤブサ Falcon ハヤブサ目,1
104,マスクマンハヤブサ,ハヤブサ目,0
104,ハヤブサはやぶさ時刻表,ハヤブサマガジン,0
104,ハヤブサ 会社,ハヤブサ 会社 リクナビ,1
104,河北潟でバードウォッチングハヤブサ,ハヤブサレスラー,0
104,ハヤブサ涙,隼ハヤブサ,0
104,ハヤブサとび,ハヤブサターボ,0
104,ハヤブサとび,ハヤブサレスラー,0
104,ハヤブサ 会社,ハヤブサ 会社 南大沢,1
104,ハヤブサ涙,新型ハヤブサ,0
104,ハヤブサ ホームページ,ハヤブサ ホームページ 市場,0
104,ハヤブサとび,ハヤブサ選手,0
104,ハヤブサ 激安,ハヤブサ 激安 釣具,1
104,ハヤブサとび,ハヤブサプロレス,0
104,ハヤブサ涙,ハヤブサ1300,0
104,ハヤブサ涙,ハヤブサさん,0
104,河北潟でバードウォッチングハヤブサ,ハヤブサはやぶさ鳥,1
104,ハヤブサはやぶさ時刻表,株式会社ハヤブサ,0
104,河北潟でバードウォッチングハヤブサ,ハヤブサ製品紹介,0
104,ハヤブサ GSX,ハヤブサ GSX 1300,1
104,ハヤブサはやぶさ時刻表,ハヤブサプロレスラー,0
104,ハヤブサ GSX,ハヤブサ GSX 仕様,1
104,ハヤブサはやぶさ時刻表,スズキハヤブサ,0
104,ハヤブサ 会社,ハヤブサ 会社 野球,0
104,マスクマンハヤブサ,ハヤブサはやぶさ温泉はやぶさ自由席,0
104,ハヤブサとび,ハヤブサはやぶさ温泉はやぶさ自由席,0
104,マスクマンハヤブサ,ハヤブサ製品紹介,0
104,河北潟でバードウォッチングハヤブサ,ハヤブサさん,0
104,ハヤブサ涙,ハヤブサjaxaはやぶさ,0
104,河北潟でバードウォッチングハヤブサ,河北潟でバードウォッチングハヤブサ紹介,1
104,ハヤブサ 会社,ハヤブサ 会社 有限,1
104,ハヤブサ涙,マシンハヤブサ,0
104,河北潟でバードウォッチングハヤブサ,ハヤブサマガジン,0
104,ハヤブサ GSX,ハヤブサ GSX スズキ,1
104,マスクマンハヤブサ,泉大津ハヤブササポート倶楽部展,0
104,河北潟でバードウォッチングハヤブサ,ハヤブサの雛,1
104,ハヤブサ GSX,ハヤブサ GSX HAYABUSA,1
104,マスクマンハヤブサ,ハヤブサ下目,0
104,ハヤブサはやぶさ時刻表,泉大津パーキングエリアでハヤブサ,0
104,河北潟でバードウォッチングハヤブサ,日記ハヤブサ,1
104,ハヤブサ涙,ハヤブサはやぶさ鳥,0
104,マスクマンハヤブサ,ハヤブサ科,0
104,ハヤブサ 会社,ハヤブサ 会社 お墓,0
104,ハヤブサ涙,ハヤブサはやぶさ時刻表,0
104,ハヤブサ Falcon,ハヤブサ Falcon 鳥類,1
104,ハヤブサはやぶさ時刻表,ハヤブサはやぶさ新幹線,0
104,マスクマンハヤブサ,タカ目ハヤブサ科,0
104,ハヤブサ ホームページ,ハヤブサ ホームページ 東映,1
104,ハヤブサ GSX,ハヤブサ GSX 高価,1
104,ハヤブサ GSX,ハヤブサ GSX 買取,1
104,河北潟でバードウォッチングハヤブサ,ハヤブサ選手,0
104,河北潟でバードウォッチングハヤブサ,シマハヤブサ,1
105,ナポレオン ボナパルト,ナポレオン ボナパルト Bonaparte,1
105,ナポレオン文献,ナポレオン功績,1
105,ナポレオン関係者,ナポレオン語録,0
105,ナポレオン 思考,ナポレオン 思考 現実化,0
105,ナポレオン文献,ナポレオンの率いた大陸軍,1
105,ナポレオン関係者,ナポレオンとフランス軍,1
105,ナポレオンが乗っていた馬,ナポレオン演劇,0
105,おのれナポレオン,おのれナポレオン紹介,1
105,ナポレオン ヒル,ナポレオン ヒル プログラム,0
105,おのれナポレオン,ナポレオンを扱った作品,1
105,ナポレオン文献,ナポレオン軍,1
105,ナポレオン ボナパルト,ナポレオン ボナパルト 名言,1
105,ナポレオン文献,ナポレオン日本語文献,1
105,ナポレオンが乗っていた馬,ナポレオンジャケット,0
105,ナポレオン文献,ナポレオン帝国,1
105,ナポレオン ボナパルト,ナポレオン ボナパルト アンヴァリッド,1
105,ナポレオン文献,ナポレオン馬,1
105,ナポレオン関係者,ナポレオン逸話,1
105,ナポレオン関係者,ナポレオン関係者紹介,1
105,ナポレオン ヒル,ナポレオン ヒル 成功,1
105,ナポレオン 思考,ナポレオン 思考 Wiki,1
105,おのれナポレオン,ナポレオン日本語文献,0
105,ナポレオン関係者,ナポレオン名言,0
105,ナポレオンが乗っていた馬,ナポレオンが乗っていた馬紹介,1
105,おのれナポレオン,ナポレオン戦争,1
105,ナポレオン関係者,ナポレオン功績,0
105,おのれナポレオン,ナポレオン死因をめぐる論議,0
105,ナポレオン関係者,ナポレオンヒル,0
105,ナポレオン関係者,ナポレオン1798年,0
105,ナポレオン文献,ナポレオンとフランス軍,1
105,ナポレオン ヒル,ナポレオン ヒル 買取,0
105,ナポレオン文献,ナポレオンオープニングキャンペーン,0
105,おのれナポレオン,ナポレオン三世,1
105,おのれナポレオン,ナポレオンジャケット,0
105,おのれナポレオン,ナポレオンgba,0
105,ナポレオンが乗っていた馬,ナポレオンの生涯,0
105,ナポレオンが乗っていた馬,ナポレオン死因をめぐる論議,0
105,ナポレオンが乗っていた馬,ナポレオン獅子,0
105,ナポレオン文献,ナポレオン映画,1
105,ナポレオン ボナパルト,ナポレオン ボナパルト 議員,0
105,ナポレオン関係者,ナポレオン軍,1
105,ナポレオンが乗っていた馬,ナポレオン逸話,1
106,アバター製作,アバターの種類,1
106,アバター自作,ps3アバター自作,1
106,アバターを配布,セカンドライフアバター,0
106,アバターを配布,無料アバター作成,1
106,アバタープロデューサー,アバターの変更,0
106,アバター ゲーム,アバター ゲーム モーションアバター,1
106,アバター アバターバトル,アバター アバターバトル ニコロデオン,1
106,アバタープロデューサー,アバターとはインターネット上,0
106,アバタープロデューサー,アバター監督,1
106,アバター製作,ゲームアバター,1
106,アバター監督,アバターとはネット上,0
106,アバタープロデューサー,アバターの意味,0
106,アバター自作,アバター撮影,0
106,アバター 無料,アバター 無料 映画,0
106,アバター製作,ハンゲームアバター,1
106,アバター 無料,アバター 無料 似顔絵,1
106,アバターを配布,アバター作成,0
106,アバター作り,アバター画像,1
106,アバタープロデューサー,アバターの着せ替え,0
106,アバター自作,アバターの変更,1
106,アバター ゲーム,アバター ゲーム ハン,1
106,アバター橋本,アバター続編,0
106,アバター作り,大天才てれびくんアバター作り,1
106,アバター監督,アバタープロデューサー,1
106,アバターを配布,無料アバター配布サイト,1
106,アバタープロデューサー,アバター撮影,1
106,アバター監督,ハンゲームアバター,0
106,アバター監督,アバター監督紹介,1
106,アバターを配布,アバター音楽,0
106,アバター橋本,無料アバター作成,0
106,アバター橋本,アバター製作総指揮,0
106,アバター製作,ハンゲームアバター一覧,0
106,アバター 無料,アバター 無料 DVD,1
106,アバター自作,アバターとはインターネット上,0
106,アバター監督,アバター機能,0
106,アバター作り,アバターの意味,1
106,アバター 無料,アバター 無料 レンタル,1
106,アバター自作,アバターの着せ替え,1
106,アバター ゲーム,アバター ゲーム オンライン,1
106,アバター監督,無料アバター,0
106,アバター 無料,アバター 無料 TERA,1
106,アバター製作,似顔絵アバター,0
106,アバター橋本,アバター原作,1
106,アバター ゲーム,アバター ゲーム アバターシステム,1
106,アバター作り,アバター編集,1
106,アバター製作,アバター製作紹介,1
106,アバター自作,アバター作成,0
106,アバター橋本,ハンゲームのアバターに無料,0
106,アバター監督,無料アバター情報,0
106,アバター作り,セカンドライフアバター,0
106,アバターを配布,邪神アバター,0
106,アバターを配布,似顔絵アバター,1
106,アバター監督,アバターアバターゲーム,0
106,アバター自作,アバター製作,0
107,ジップzip-fm,ストライプアコーディオンジップ,0
107,レザーアコーディオンジップ,デニムアコーディオンジップアラウンド長財布デニム,1
107,ジップ 株式会社,ジップ 株式会社 営業,1
107,ジップ 商品,ジップ 商品 通販,1
107,デニムアコーディオンジップ,アコーディオンジップアラウンド長財布ボルドーオーバー,1
107,ジップ 商品,ジップ 商品 ジップドラッグ,1
107,ジップzip-fm,レザーアコーディオンジップ,0
107,ジップ 商品,ジップ 商品 ジップパーカー,1
107,ジップジップロック,ジップzip-fm,0
107,ジップ 株式会社,ジップ 株式会社 ジップ,0
107,ジップfm,ジップ7-zip,0
107,ジップzip-fm,ジップジップロック,0
107,デニムアコーディオンジップ,コンパクトジップ,1
107,レザーアコーディオンジップ,レザーアコーディオンジップ紹介,1
107,ジップzip-fm,ジップホールディングス,0
107,デニムアコーディオンジップ,ストライプアコーディオンジップアラウンド長財布シルバーカーキガンメタルバッグ,1
107,デニムアコーディオンジップ,ストライプジップ,1
107,ジップジップロック,ジップフード,0
107,ジップジップロック,日テレジップ,0
107,ジップzip-fm,デニムアコーディオンジップアラウンド長財布デニム,0
107,デニムアコーディオンジップ,ジップ年賀状,0
107,レザーアコーディオンジップ,ジップ年賀状,0
107,ジップ 株式会社,ジップ 株式会社 求人,1
107,ジップ 商品,ジップ 商品 一覧,1
107,デニムアコーディオンジップ,モノグラムコンパクトジップ,1
107,デニムアコーディオンジップ,オールドブルージーンズクラシックストレートジップ仕様,1
107,ジップfm,ジップzip解凍,1
107,レザーアコーディオンジップ,ストライプアコーディオンジップアラウンド長財布シルバーカーキガンメタルバッグ,1
107,ジップジップロック,ジップ袋,1
107,ジップジップロック,ストライプアコーディオンジップ,0
107,ジップ ジップロック,ジップ ジップロック フリーザー,1
107,ジップジップロック,レザーアコーディオンジップ,0
107,ジップ 株式会社,ジップ 株式会社 OEM,1
107,ジップ 株式会社,ジップ 株式会社 採用,1
107,ジップzip-fm,ジップ付袋,0
107,レザーアコーディオンジップ,ストライプアコーディオンジップ,1
107,ジップzip-fm,日テレジップ,0
107,ジップ 株式会社,ジップ 株式会社 アパレル,1
107,ジップジップロック,ジップホールディングス,0
107,ジップfm,ジップホワイト,0
107,デニムアコーディオンジップ,ジップfm,0
107,ジップジップロック,デニムアコーディオンジップアラウンド長財布デニム,0
107,ジップ 株式会社,ジップ 株式会社 転職,1
107,デニムアコーディオンジップ,ブレストジップ,1
107,レザーアコーディオンジップ,アコーディオンジップアラウンド長財布ボルドーオーバー,1
108,ウォッカアガサ,ウォッカ醸造酒,1
108,ウォッカライムソーダ,ウォッカウイスキー,1
108,ウォッカライ麦,ウォッカベース,0
108,ウォッカライ麦,ウォッカライ麦紹介,1
108,ウォッカコーヒーリキュール,ウォッカコーヒーリキュール紹介,1
108,ウォッカアガサ,ウォッカ焼酎,0
108,ウォッカ カクテル,ウォッカ カクテル ウォッカベース,1
108,ウォッカコリンズ,ウォッカコーラ,1
108,ウォッカコリンズ,ウォッカジン,1
108,ウォッカ甘味,ウォッカ度数,0
108,ウォッカライ麦,ウォッカラム,0
108,ウォッカコーヒーリキュール,ウォッカ蒸留酒,0
108,ウォッカ甘味,％ウォッカ,0
108,ウォッカ甘味,ウォッカ蒸留,0
108,ウォッカコーヒーリキュール,クランベリーウォッカ,1
108,ウォッカ甘味,ウォッカ種類,0
108,ウォッカコリンズ,ウォッカテキーラ,1
108,ウォッカ甘味,オランダ産のウォッカ,1
108,ウォッカ競馬,ウォッカベース,0
108,ウォッカライ麦,高級ウォッカ,1
108,ウォッカアガサ,ウォッカ正規,1
108,ウォッカコーヒーリキュール,氷を入れウォッカ,0
108,ウォッカコリンズ,ウォッカコリンズ紹介,1
108,ウォッカ 通販,ウォッカ 通販 ホームページ,1
108,ウォッカ競馬,年度代表馬はウォッカ,1
108,ウォッカ競馬,ウォッカ競馬紹介,1
108,ウォッカ ジン,ウォッカ ジン うんちく,1
108,ウォッカライムソーダ,ウォッカコリンズ,1
108,ウォッカコリンズ,ウォッカアルコール,0
108,ウォッカライ麦,ウォッカ正規,1
108,ウォッカコーヒーリキュール,酒ウォッカ,0
108,ウォッカライムソーダ,ウォッカのストレート,0
108,ウォッカコーヒーリキュール,ウォッカブラック,1
108,ウォッカコリンズ,スミノフウォッカ,1
108,ウォッカ競馬,ウォッカワイン,0
108,ウォッカ ジン,ウォッカ ジン お菓子作り,1
108,ウォッカライ麦,ウォッカジン,0
108,ウォッカ甘味,ウォッカカクテル,1
108,ウォッカ Van,ウォッカ Van 長持ち,1
108,ウォッカアガサ,ウォッカ漢字,1
108,ウォッカ カクテル,ウォッカ カクテル 作れる,1
108,ウォッカアガサ,コナンウォッカ,1
108,ウォッカコリンズ,ウォッカ40度,1
108,ウォッカ競馬,ウォッカ日本酒,0
108,ウォッカライ麦,％ウォッカ,1
108,ウォッカ カクテル,ウォッカ カクテル カルピス,1
108,ウォッカ競馬,ウォッカおすすめ,0
108,ウォッカライ麦,リキュールウォッカ,0
108,ウォッカ Van,ウォッカ Van ヴァンゴー,1
108,ウォッカ競馬,リキュールウォッカ,0
108,ウォッカコリンズ,ウォッカラム,0
108,ウォッカアガサ,ウォッカ40度正規,1
108,ウォッカアガサ,ジンウォッカアガサ,1
108,ウォッカライムソーダ,ウォッカ醸造酒,0
108,ウォッカライムソーダ,ウォッカ日本酒,0
108,ウォッカアガサ,ウォッカの歴史,0
108,ウォッカライムソーダ,ウォッカ40度,0
108,ウォッカコーヒーリキュール,ウォッカブランデー,0
108,ウォッカ競馬,ウォッカブランデー,0
108,ウォッカ Van,ウォッカ Van Gogh,1
108,ウォッカ カクテル,ウォッカ カクテル 銀座,1
108,ウォッカコーヒーリキュール,年度代表馬はウォッカ,0
108,ウォッカ甘味,ウォッカ原料,1
108,ウォッカ ジン,ウォッカ ジン 兄貴,1
108,ウォッカ カクテル,ウォッカ カクテル 新潟,1
108,ウォッカアガサ,ウォッカ産駒,0
108,ウォッカコーヒーリキュール,ウォッカテキーラ,0
108,ウォッカアガサ,ウォッカのストレート,0
108,ウォッカ競馬,酒ウォッカ,0
108,ウォッカライムソーダ,ウォッカ40度正規,0
108,ウォッカコリンズ,ウォッカ蒸留酒,0
108,ウォッカ カクテル,ウォッカ カクテル 簡単,1
108,ウォッカライ麦,ウォッカスピリッツ,1
108,ウォッカコーヒーリキュール,ウォッカ第59回毎日王冠,0
108,ウォッカ カクテル,ウォッカ カクテル レシピ,1
109,横浜クリスマスコンサート,横浜港,1
109,横浜泉,横浜港南区,0
109,横浜市立図書館,横浜市立図書館紹介,1
109,横浜市中区長者町,横浜中区,0
109,ららぽーと横浜,横浜馬車道,0
109,横浜クリスマス,横浜山手,0
109,横浜市立図書館,横浜高島屋,0
109,横浜そごう,横浜サンタ,0
109,横浜市中区長者町,神奈川県横浜,1
109,ららぽーと横浜,横浜横浜ベイスターズ,0
109,横浜市立図書館,横浜中華街中国茶フェア,0
109,横浜クリスマスコンサート,横浜横浜アリーナ,0
109,横浜 医師会,横浜 医師会,0
109,横浜そごう,横浜の仕事,0
109,横浜クリスマス,横浜元町,0
109,ららぽーと横浜,横浜fc,0
109,横浜市中区長者町,横浜の仕事,0
109,横浜クリスマスコンサート,横浜サンタ,1
109,横浜fc,横浜市中区長者町,0
109,ららぽーと横浜,横浜よこはまコスモワールド,0
109,横浜クリスマスコンサート,横浜馬車道,0
109,横浜クリスマス,横浜埼玉,0
109,横浜市中区長者町,横浜都筑区,0
109,横浜市中区長者町,横浜市港南区,0
109,横浜クリスマス,横浜よこはまコスモワールド,0
109,横浜市立図書館,横浜札幌,0
109,横浜市中区長者町,横浜青葉,0
109,横浜クリスマスコンサート,横浜パシフィコ横浜,1
109,横浜クリスマスコンサート,観光の横浜見聞録,0
109,横浜市中区長者町,横浜札幌,0
109,横浜クリスマスコンサート,横浜中華街中国茶フェア,0
109,ららぽーと横浜,横浜港南区エリアガイド,0
109,横浜市中区長者町,横浜市,0
109,横浜fc,横浜港,0
109,横浜市立図書館,横浜マリノス,0
109,横浜市立図書館,横浜の夏,0
109,横浜クリスマス,横浜港南区エリアガイド,0
109,横浜泉,横浜東京,0
109,横浜市立図書館,横浜都筑区,0
109,横浜クリスマスコンサート,横浜港南区エリアガイド,0
109,ららぽーと横浜,ららぽーと横浜紹介,1
109,横浜クリスマス,ららぽーと横浜,1
109,横浜市立図書館,横浜横浜ベイスターズ,0
109,横浜泉,横浜観光グルメガイド,0
109,横浜そごう,横浜茨城,0
109,横浜市立図書館,横浜古着,0
109,横浜クリスマスコンサート,横浜クリスマスコンサート紹介,1
109,横浜クリスマスコンサート,横浜市中区長者町,0
109,横浜泉,横浜藤沢市,0
109,ららぽーと横浜,横浜高島屋,0
109,横浜市立図書館,横浜fc,0
109,横浜結婚式場,横浜東京,0
109,横浜市立図書館,横浜ロイヤルパークホテル,0
109,ららぽーと横浜,横浜古着,0
109,横浜クリスマスコンサート,横浜美術館,0
109,横浜市中区長者町,横浜港,0
109,横浜泉,横浜結婚式場,0
109,横浜結婚式場,横浜港南区,0
109,横浜市立図書館,横浜赤レンガ倉庫,0
109,横浜結婚式場,横浜青葉,1
109,横浜クリスマス,横浜馬車道,0
109,横浜クリスマスコンサート,横浜の桜,0
109,横浜fc,横浜市,0
109,横浜クリスマスコンサート,横浜国際女子マラソン,0
109,横浜市立図書館,横浜の桜,0
109,横浜結婚式場,横浜藤沢市,1
109,横浜結婚式場,リヘル横浜,1
109,ららぽーと横浜,横浜千葉,0
109,ららぽーと横浜,横浜山手,0
109,横浜結婚式場,横浜結婚式場紹介,1
109,横浜クリスマスコンサート,横浜ホテル,1
109,横浜クリスマス,横浜千葉,0
109,ららぽーと横浜,横浜観光グルメガイド,0
109,横浜市立図書館,横浜市港南区,0
109,横浜クリスマスコンサート,横浜駅,1
109,横浜クリスマスコンサート,横浜観光グルメガイド,0
109,横浜クリスマスコンサート,横浜関内,0
109,横浜市立図書館,横浜市,0
109,横浜市立図書館,横浜横浜アリーナ,0
109,横浜結婚式場,横浜泉,0
109,横浜 天気,横浜 天気 予報,1
109,横浜泉,横浜市立図書館,0
109,横浜fc,横浜市港南区,0
109,ららぽーと横浜,横浜観光,0
109,横浜市立図書館,横浜市営バス,1
109,横浜 天気,横浜 天気 東部,1
109,ららぽーと横浜,横浜都筑区,0
109,横浜クリスマスコンサート,横浜中区,0
109,横浜fc,神奈川県横浜,1
109,横浜クリスマス,横浜クリスマスコンサート,1
109,ららぽーと横浜,横浜関内,0
109,横浜そごう,横浜パシフィコ横浜,0
109,横浜市立図書館,横浜中区,0
109,横浜 天気,横浜 天気 Yahoo,1
109,横浜クリスマスコンサート,横浜市西区桜木町,0
109,横浜クリスマスコンサート,横浜そごう,0
109,ららぽーと横浜,横浜概要,0
109,横浜fc,横浜の仕事,0
109,横浜そごう,神奈川県横浜,1
109,横浜fc,横浜札幌,0
109,ららぽーと横浜,横浜埼玉,0
109,横浜市立図書館,横浜横浜国立大学,0
109,横浜fc,横浜中華街中国茶フェア,0
109,横浜そごう,横浜千葉,0
109,横浜そごう,横浜東京,0
109,横浜結婚式場,横浜茨城,0
109,横浜クリスマスコンサート,横浜観光,0
109,横浜そごう,横浜赤レンガ倉庫,0
109,横浜泉,横浜茨城,0
109,横浜そごう,横浜そごう紹介,1
109,横浜fc,横浜中区,0
109,横浜 文明堂,横浜 文明堂,0
109,横浜市立図書館,横浜概要,0
109,横浜泉,横浜泉紹介,1
109,横浜クリスマスコンサート,横浜駅西口,0
109,ららぽーと横浜,横浜元町,0
109,横浜市立図書館,横浜市西区桜木町,0
109,横浜fc,横浜市西区桜木町,0
109,横浜泉,横浜美術館,0
110,伝奇サウンドトラック,剣風伝奇ベルセルクアニメ動画,1
110,伝奇匣,時代伝奇夢中道,0
110,伝奇匣,伝奇小説,1
110,ボルヘス伝奇,伝奇とは,1
110,ボルヘス伝奇,ボルヘス伝奇集,1
110,伝奇匣,伝奇物,0
110,ボルヘス伝奇,伝奇物,0
110,伝奇三浦建太郎,剣風伝奇ベルセルク,1
110,伝奇三浦建太郎,現代伝奇,0
110,少林寺伝奇,現代伝奇,1
110,番組剣風伝奇,彼女と僕の伝奇的学問,0
110,伝奇匣,伝奇アニメ,0
110,伝奇三浦建太郎,伝奇三浦建太郎紹介,1
110,伝奇アイテム発売スケジュール,伝奇ゲーム,1
110,伝奇三浦建太郎,伝奇ゲーム,0
110,少林寺伝奇,彼女と僕の伝奇的学問,0
110,伝奇 ベルセルク,伝奇 ベルセルク アニメ,1
110,少林寺伝奇,剣風伝奇ベルセルク,0
110,伝奇 ベルセルク,伝奇 ベルセルク 魔人,1
110,伝奇 ベルセルク,伝奇 ベルセルク BD,1
110,伝奇匣,伝奇集,1
110,伝奇アイテム発売スケジュール,時代伝奇,0
110,伝奇 ベルセルク,伝奇 ベルセルク 剣風,1
110,番組剣風伝奇,伝奇とは,0
110,伝奇匣,時代伝奇,0
110,ボルヘス伝奇,読書メーター伝奇集,0
110,伝奇アイテム発売スケジュール,入門者向け時代伝奇小説,0
110,少林寺伝奇,日本伝奇伝説大事典,0
110,少林寺伝奇,ボルヘス伝奇集,0
110,伝奇 ベルセルク,伝奇 ベルセルク DVD,1
110,伝奇匣,西洋伝奇,0
110,伝奇匣,時代伝奇小説,1
110,ボルヘス伝奇,獣伝奇シリーズ,0
110,伝奇アイテム発売スケジュール,伝奇アニメ,1
110,伝奇三浦建太郎,一月の伝奇時代アイテム発売スケジュール,0
110,伝奇匣,国枝史郎伝奇全集,0
110,番組剣風伝奇,現代伝奇,1
110,伝奇サウンドトラック,伝奇時代劇,0
110,伝奇 ベルセルク,伝奇 ベルセルク 学園,1
110,伝奇匣,伝奇匣紹介,1
110,伝奇サウンドトラック,剣風伝奇ベルセルクオリジナルサウンドトラック,1
110,伝奇アイテム発売スケジュール,時代伝奇夢中道,0
110,伝奇三浦建太郎,剣風伝奇ベルセルクオリジナルサウンドトラック,1
110,番組剣風伝奇,剣風伝奇ベルセルク,1
110,伝奇三浦建太郎,日本伝奇伝説大事典,0
110,伝奇アイテム発売スケジュール,屋喜兵衛浪士討ち入り伝奇度,0
110,ボルヘス伝奇,伝奇集,1
110,伝奇匣,伝奇時代劇,0
110,伝奇三浦建太郎,番組剣風伝奇ベルセルク,1
110,伝奇アイテム発売スケジュール,時代伝奇アイテム発売スケジュール,0
110,番組剣風伝奇,少林寺伝奇出演者,0
110,伝奇アイテム発売スケジュール,伝奇物語,0
110,伝奇匣,伝奇作家,1
110,伝奇匣,時代伝奇アイテム発売スケジュール,0
110,伝奇 ベルセルク,伝奇 ベルセルク BOX,1
111,アドビmastercollection4日本語版,アドビpostscript,1
111,アドビlinux対応,アドビacrobat,0
111,アドビiphone向け,アドビid,1
111,アドビ 認定,アドビ 認定 社会人,1
111,アドビ認定試験制度,アドビindesign,0
111,アドビ認定試験,アドビdreamweaver,0
111,アドビ不正アクセス,アドビアドビリーダー,0
111,アドビmastercollection4日本語版,アドビaudition,1
111,アドビaftereffects,アドビaftereffects紹介,1
111,アドビeffects,アドビadobeillustrator,0
111,アドビ Adobe,アドビ Adobe Player,1
111,アドビadobeair,アドビindesign,1
111,アドビiphone向け,アドビ認定トレーニングセンター,0
111,アドビ CS,アドビ CS Creative,1
111,アドビ Adobe,アドビ Adobe 購入,1
111,アドビmastercollection4日本語版,アドビベータ版,1
111,アドビaftereffects,アドビacrobat,1
111,アドビmastercollection4日本語版,アドビに関する情報,0
111,アドビ認定試験,アドビ製品,0
111,アドビ PDF,アドビ PDF Acrobat,1
111,アドビlinux対応,アドビfireworks,0
111,アドビ CS,アドビ CS Flex,1
111,アドビmastercollection4日本語版,アドビmastercollection4日本語版紹介,1
111,アドビ認定試験,アドビ認定インストラクター,1
111,アドビiphone向け,アドビadobecs6,0
111,アドビ Adobe,アドビ Adobe 激安,1
111,アドビeffects,アドビillustrator,1
111,アドビeffects,アドビイラストレーターまめ,0
111,アドビlinux対応,アドビadobeflashplayer,0
111,アドビ認定試験,アドビ認定試験制度,1
111,アドビlinux対応,アドビフォトショップ,0
111,アドビadobeair,アドビシステムズ,1
111,アドビadobeair,アドビサポート,1
111,アドビ 認定,アドビ 認定 ACI,1
111,アドビ不正アクセス,アドビ認定インストラクター,0
111,アドビlinux対応,アドビイラストレーター,0
111,アドビadobeair,アドビphotoshop,1
111,アドビmastercollection4日本語版,アドビiphone向け,1
111,アドビ不正アクセス,アドビ公認トレーニングブック,0
111,アドビlinux対応,アドビadobeflashplayer無料,0
111,アドビ CS,アドビ CS Yahoo,0
111,アドビiphone向け,アドビインデザイン,0
111,アドビ認定試験制度,アドビ認定トレーニングセンター,1
111,アドビ認定試験,アドビ認定エキスパート,1
111,アドビaftereffects,アドビ社,1
111,アドビ 認定,アドビ 認定 Certified,1
111,アドビ Adobe,アドビ Adobe イラストレーター,1
111,アドビiphone向け,アドビiphone向け紹介,1
111,アドビeffects,アドビadobereader,1
111,アドビ認定試験制度,アドビ公認トレーニングブック,1
111,アドビ PDF,アドビ PDF Reader,1
111,アドビeffects,アドビアカデミック,0
111,アドビ認定試験,アドビ認定試験紹介,0
111,アドビ認定試験制度,アドビ社,1
111,アドビiphone向け,アドビイラストレーター習得,0
111,アドビadobeair,アドビシステムズ社,1
111,アドビ不正アクセス,アドビプレミア使い方,0
111,アドビadobeair,アドビadobeair紹介,1
111,アドビ認定試験制度,アドビシステムズ社,1
111,アドビ PDF,アドビ PDF 日本語版,1
111,アドビmastercollection4日本語版,アドビリーダー,1
111,アドビ不正アクセス,アドビadobecc,0
111,アドビadobeair,アドビシステムズ（株）,1
111,アドビeffects,アドビシステムズ,1
111,アドビlinux対応,アドビaftereffects,0
111,アドビeffects,アドビflash,1
111,アドビ認定試験制度,アドビ認定トレーナー,1
111,アドビeffects,アドビelearningsuite,1
111,アドビ認定試験,アドビ認定ディーラー,1
111,アドビ Adobe,アドビ Adobe Flash,1
111,アドビ CS,アドビ CS Photoshop,1
111,アドビ認定試験,アドビ認定プロフェッショナル,1
111,アドビiphone向け,アドビadobeflashplayer,0
111,アドビaftereffects,アドビadobepdf,0
111,アドビ認定試験,サポートアドビ認定エキスパート,1
111,アドビeffects,アドビadobephotoshop,1
111,アドビiphone向け,アドビイラストレーター超速習得,0
111,アドビ Adobe,アドビ Adobe 最安値,1
111,アドビmastercollection4日本語版,アドビ認定エキスパート資格,0
111,アドビ認定試験,アドビ認定インストラクター資格,1
111,アドビ不正アクセス,アドビアカデミック,0
111,アドビ不正アクセス,アドビリーダー,0
111,アドビ Adobe,アドビ Adobe CS,1
111,アドビaftereffects,アドビillustrator,1
111,アドビ不正アクセス,アドビアクロバット,0
111,アドビaftereffects,アドビdreamweaver,0
111,アドビadobeair,アドビ問い合わせ,0
111,アドビ不正アクセス,アドビcs6発売日,0
111,アドビ認定試験制度,アドビシステムズ（株）,1
111,アドビ 認定,アドビ 認定 資格,1
111,アドビlinux対応,アドビプレミア,1
111,アドビ PDF,アドビ PDF リーダー,1
111,アドビaftereffects,アドビpdf,1
111,アドビ認定試験,アドビcs6発売日,0
111,アドビeffects,アドビphotoshop,1
111,アドビ不正アクセス,アドビ認定トレーナー,0
111,アドビadobeair,アドビflash,1
111,アドビiphone向け,アドビ認定ディーラー,0
111,アドビiphone向け,アドビイラストレーター,0
111,アドビ CS,アドビ CS アップ,1
111,アドビaftereffects,アドビadobeillustrator,1
112,予言者ジュセリーノとは何者,ブラジルの予言者,1
112,予言者ジュセリーノとは何者,予言者ジュセリーノの予言集,1
112,予言者 Wiki,予言者 Wiki ウィキ,0
112,予言者 バラート?クラーラ,予言者 バラート?クラーラ マジャールタロット,1
112,予言者ジュセリーノとは何者,史上最強の予言者ジュセリーノ新た,1
112,予言者ジュセリーノノーブレガダルースさん,予言者ジュセリーノの予言集,1
112,予言者 バラート?クラーラ,予言者 バラート?クラーラ 引き寄せる,0
112,予言者ジョンタイター,警告ジュセリーノ予言者,0
112,予言者ジュセリーノとは何者,ミシェルノストラダムス師の予言者,0
112,予言者ジュセリーノノーブレガダルースさん,日刊予言者新聞,1
112,予言者 ローラン,予言者 ローラン デュエルマスターズ,1
112,予言者ジュセリーノとは何者,ダンレインの予言者,0
112,予言者 バラート?クラーラ,予言者 バラート?クラーラ 幸せ,0
112,予言者ジョンタイター,ブラジルの予言者,1
112,予言者ジュセリーノとは何者,警告ジュセリーノ予言者,0
112,予言者ジョンタイター,予言者ジョンタイター紹介,1
112,予言者ジュセリーノノーブレガダルースさん,予言者ピッピ,0
112,予言者ジョンタイター,ブラジル人予言者,1
112,予言者 ローラン,予言者 ローラン 4枚,0
112,予言者ローラン,予言者日本人,0
112,予言者ジョンタイター,史上最強の予言者ジュセリーノ新た,0
112,予言者ジュセリーノノーブレガダルースさん,予言者映画,0
112,予言者ジュセリーノノーブレガダルースさん,予言者ジュセリーノの疑惑,0
112,予言者ジョンタイター,予言者ジュセリーノとは何者,0
112,予言者ジョンタイター,予言者映画,0
112,予言者ジョンタイター,予言者ジョセリーノ東海地震,0
112,予言者ローラン,ミシェルノストラダムス師の予言者,0
112,予言者ジュセリーノとは何者,史上最強の予言者,1
112,予言者ジュセリーノとは何者,予言者ジュセリーノとは何者紹介,0
112,予言者 ローラン,予言者 ローラン DM,1
112,予言者ジュセリーノノーブレガダルースさん,予言者マリエル,0
112,予言者ローラン,予言者バンガ,0
113,オウル 英会話,オウル 英会話 ザ?ダイソーオウル,1
113,オウル奇跡,オウル大学,0
113,オウル港,オウル空港oul,0
113,オウル奇跡,オウルフクロウ,0
113,オウル港,オウル空港,0
113,オウル 歯科,オウル 歯科 クリニック,1
113,オウル 歯科,オウル 歯科 清田区,1
113,オウル 歯科,オウル 歯科 札幌市,1
113,オウル空港,オウルホテル予約,0
113,オウル奇跡,オウルのサングラス,0
113,オウル港,オウルホテル予約,0
113,オウル空港,オウル空港oul,0
113,オウル奇跡,ディズニーオウル画像,0
113,オウル空港,オウル港,0
113,オウル奇跡,オウルの奇跡,0
113,オウル奇跡,オウル五香,0
113,オウル奇跡,オウル市,0
113,オウル奇跡,オウル五香営業時間,0
114,赤とうがらしエキス,赤とうがらしエキス紹介,1
114,赤とうがらしを乾燥,赤とうがらしを乾燥紹介,0
114,赤とうがらし レシピ,赤とうがらし レシピ 簡単,1
114,赤とうがらし横浜,赤とうがらし料理赤ちり鍋,1
114,赤とうがらし レシピ,赤とうがらし レシピ なす,1
114,赤とうがらし レシピ,赤とうがらし レシピ クック,1
114,赤とうがらし 美人,赤とうがらし 美人 奥津,1
114,キムチ赤とうがらし,赤とうがらしの種,0
114,赤とうがらし トウガラシ,赤とうがらし トウガラシ 園芸,1
114,赤とうがらし横浜,赤とうがらしパセリ,0
114,赤とうがらしを乾燥,赤とうがらし保存,1
114,赤とうがらしを乾燥,赤とうがらしチャイブ,0
114,赤とうがらしエキス,赤とうがらしにんにく,1
114,赤とうがらし横浜,赤とうがらしの郷づくり,1
114,赤とうがらし トウガラシ,赤とうがらし トウガラシ ピーマン,1
114,赤とうがらし横浜,赤とうがらし横浜紹介,0
114,赤とうがらしを乾燥,赤とうがらしにんにく,0
114,赤とうがらし横浜,赤とうがらし小口切り,0
114,赤とうがらし トウガラシ,赤とうがらし トウガラシ 育てる,1
114,赤とうがらし駒込,赤とうがらし本八幡,0
114,赤とうがらし トウガラシ,赤とうがらし トウガラシ ちり,1
114,赤とうがらし駒込,赤とうがらし津山,0
114,赤とうがらし横浜,赤とうがらしの種,0
114,赤とうがらし レシピ,赤とうがらし レシピ 万願寺,1
114,赤とうがらし駒込,赤とうがらし伊東,0
114,赤とうがらし横浜,赤とうがらし香辛料,0
114,赤とうがらし レシピ,赤とうがらし レシピ パッド,1
114,赤とうがらし駒込,赤とうがらし津山市,0
114,赤とうがらしを乾燥,赤とうがらしオレガノ,0
114,キムチ赤とうがらし,赤とうがらし香辛料,0
114,赤とうがらし レシピ,赤とうがらし レシピ おいしい,1
114,キムチ赤とうがらし,赤とうがらしの仲間,0
114,赤とうがらし横浜,赤とうがらし料理,0
114,赤とうがらし駒込,赤とうがらし梅茶,0
114,赤とうがらしエキス,赤とうがらし小口切り,0
115,銀シャリ ゲコ亭,銀シャリ ゲコ亭 食堂,1
115,銀シャリ日記,コンビ名銀シャリ,0
115,銀シャリ橋本直,銀シャリ橋本直紹介,1
115,銀シャリ 本舗,銀シャリ 本舗 本舗,0
115,パナソニック銀シャリ,銀シャリ屋,0
115,銀シャリ屋ゲコ亭,銀シャリ屋ゲコ亭紹介,1
115,銀シャリ屋ゲコ亭,ご飯銀シャリ,0
115,銀シャリ屋ゲコ亭,宅配寿司銀シャリ,0
115,銀シャリ屋げこ亭,釜炊きの銀シャリ,1
115,銀シャリコンビ,ごはん銀シャリ,0
115,銀シャリ日記,ロケみつ銀シャリ鰻和弘,0
115,銀シャリ彼女,銀シャリ橋本,1
115,銀シャリコンビ,ロケみつ銀シャリ鰻和弘,0
115,銀シャリ サトウ,銀シャリ サトウ 200,1
115,銀シャリ ゲコ亭,銀シャリ ゲコ亭 てい,0
115,ロケみつ銀シャリ,ご飯銀シャリ,0
115,パナソニック銀シャリ,銀シャリのbaseベイベー,0
115,パナソニック銀シャリ,銀シャリよしもとクリエイティブエージェンシー,0
115,銀シャリ日記,居酒屋焼き鳥鶏料理石焼地鳥と銀シャリ,0
115,パナソニック銀シャリ,銀シャリ動画,0
115,パナソニック銀シャリ,パナソニック銀シャリ亭,1
115,銀シャリ屋げこ亭,パナソニック銀シャリ亭,0
115,銀シャリ屋ゲコ亭,無菌パックご飯銀シャリ宮城県産ひとめぼれ,0
115,銀シャリ屋げこ亭,宅配寿司銀シャリ,0
115,銀シャリ屋ゲコ亭,銀シャリ亭,0
115,銀シャリ屋ゲコ亭,銀シャリ意味,0
115,銀シャリ屋ゲコ亭,江戸銀シャリ,0
115,ロケみつ銀シャリ,ごはん銀シャリ,0
115,銀シャリ橋本直,銀シャリよしもとクリエイティブエージェンシー,1
115,銀シャリ日記,銀シャリ大阪nsc25期,1
115,銀シャリ屋ゲコ亭,銀シャリ日記,0
115,銀シャリ屋ゲコ亭,居酒屋焼き鳥鶏料理石焼地鳥と銀シャリ,0
115,銀シャリ ゲコ亭,銀シャリ ゲコ亭 定食,1
115,銀シャリコンビ,銀シャリコンビ紹介,1
115,パナソニック銀シャリ,銀シャリの5upベイベー,0
115,銀シャリ橋本直,動画銀シャリアルファベット,0
115,銀シャリ彼女,銀シャリとは,0
115,銀シャリ彼女,銀シャリ鰻,1
115,銀シャリ ゲコ亭,銀シャリ ゲコ亭 シャリ屋げ,0
115,銀シャリコンビ,銀シャリ鰻和弘,1
115,銀シャリ屋ゲコ亭,銀シャリの5upベイベー,0
115,ロケみつ銀シャリ,無菌パックご飯銀シャリ宮城県産ひとめぼれ,0
115,ロケみつ銀シャリ,ロケみつ銀シャリ鰻和弘,1
115,銀シャリ屋ゲコ亭,銀シャリのbaseベイベー,0
115,銀シャリコンビ,コンビ名銀シャリ,0
115,ロケみつ銀シャリ,コンビ名銀シャリ,1
115,銀シャリ 視聴率,銀シャリ 視聴率 鉄板,1
115,銀シャリ日記,銀シャリコンビ,0
115,パナソニック銀シャリ,銀シャリ橋本直,0
115,銀シャリ屋ゲコ亭,無菌パックご飯銀シャリ,0
115,銀シャリコンビ,銀シャリ大阪nsc25期,1
115,銀シャリ ゲコ亭,銀シャリ ゲコ亭 シャリ屋,0
115,銀シャリ サトウ,銀シャリ サトウ 5食,1
115,銀シャリ ゲコ亭,銀シャリ ゲコ亭 ゲコ亭,0
115,銀シャリ ゲコ亭,銀シャリ ゲコ亭 ゃりやげ,0
115,ロケみつ銀シャリ,銀シャリコンビ,1
115,銀シャリ日記,銀シャリ意味,0
115,銀シャリ ゲコ亭,銀シャリ ゲコ亭 寺地町,1
115,銀シャリ橋本直,銀シャリ動画,1
115,銀シャリ日記,鮮魚一夜干し銀シャリの店,0
115,銀シャリ屋ゲコ亭,銀シャリ屋,0
115,銀シャリコンビ,旅ロケ稲垣早希桜鰻和弘銀シャリ,1
115,パナソニック銀シャリ,銀シャリ鰻和弘橋本直,0
115,ロケみつ銀シャリ,銀シャリ鰻和弘,1
115,銀シャリ屋げこ亭,銀シャリ鰻彼女,0
115,銀シャリ サトウ,銀シャリ サトウ 市場,1
115,銀シャリ橋本直,銀シャリの5upベイベー,1
115,パナソニック銀シャリ,宅配寿司銀シャリ,0
115,銀シャリ日記,銀シャリ鰻和弘,1
115,銀シャリ屋ゲコ亭,銀シャリとは,0
115,銀シャリ橋本直,銀シャリ鰻和弘橋本直,1
115,銀シャリ 視聴率,銀シャリ 視聴率 視聴率,0
115,銀シャリ屋ゲコ亭,一夜干と銀シャリの店,0
115,銀シャリ屋ゲコ亭,鮮魚一夜干し銀シャリの店,0
115,銀シャリ橋本直,米一筋食品部銀シャリ屋,0
115,銀シャリ屋げこ亭,銀シャリ屋げこ亭紹介,1
115,銀シャリ ゲコ亭,銀シャリ ゲコ亭 ぎん,0
115,ロケみつ銀シャリ,銀シャリ日記,1
115,銀シャリ橋本直,銀シャリのbaseベイベー,1
115,銀シャリコンビ,鰻和弘銀シャリが富田林市,0
115,銀シャリ日記,一夜干と銀シャリの店,0
115,銀シャリ彼女,銀シャリ鰻彼女,1
115,銀シャリ サトウ,銀シャリ サトウ パック,1
115,銀シャリ サトウ,銀シャリ サトウ サトウ,0
116,嵐ニューシングル,嵐名前,1
116,嵐 コンサート,嵐 コンサート チケット,1
116,嵐年譜,嵐福岡,0
116,ジャニーズネット嵐,嵐ひみつのアラシちゃん,0
116,嵐年譜,嵐紅白,1
116,嵐pv視聴,嵐名前,0
116,ジャニーズネット嵐,嵐チケット,1
116,嵐ワンラブ,嵐櫻井くん,1
116,嵐ワンラブ,嵐の曲,1
116,嵐 コンサート,嵐 コンサート ポップコーン,1
116,嵐年譜,ひみつの嵐ちゃん,1
116,嵐mステ,嵐の宿題くん動画,0
116,ジャニーズネット嵐,嵐音ゲー,0
116,嵐年譜,嵐ジャニーズ,1
116,嵐pv視聴,嵐音楽,1
116,嵐ニューシングル,嵐主演映画ピカ,0
116,嵐ワンラブ,嵐着うた,1
116,嵐pv視聴,嵐画像,1
116,嵐mステ,次回予告嵐の宿題くん,0
116,嵐年譜,嵐年譜紹介,1
116,ジャニーズネット嵐,嵐チケット掲示板,0
116,嵐年譜,嵐映像作品,1
116,嵐ニューシングル,嵐の宿題くん動画,0
116,嵐mステ,嵐着うた,0
116,嵐年譜,嵐にしやがれ,1
116,ジャニーズネット嵐,嵐コンサート,1
116,嵐ニューシングル,嵐dvddvd2枚組,1
116,ジャニーズネット嵐,嵐のメンバー,1
116,嵐ニューシングル,ちゃん嵐truthpv視聴,0
116,嵐pv視聴,嵐新曲,1
116,嵐 コンサート,嵐 コンサート 高知,1
116,嵐 コンサート,嵐 コンサート 画像,1
116,嵐ニューシングル,嵐コンサート,0
116,嵐 コンサート,嵐 コンサート LOVE,1
116,嵐dvddvd2枚組,嵐のコンサートチケット,0
116,嵐年譜,嵐メンバー,1
116,嵐mステ,嵐の宿題,0
116,嵐ニューシングル,ひみつの嵐ちゃん,0
116,嵐pv視聴,嵐動画,1
116,嵐年譜,嵐の宿題くん,1
116,ジャニーズネット嵐,嵐メンバー,1
116,嵐pv視聴,嵐感謝カンゲキ雨,1
116,嵐ワンラブ,次回予告嵐の宿題くん,0
116,嵐 コンサート,嵐 コンサート 在庫,1
116,嵐mステ,嵐mステ紹介,1
116,嵐年譜,嵐出演,1
116,嵐mステ,嵐love,0
116,嵐dvddvd2枚組,驚きの嵐,0
116,嵐ワンラブ,嵐チケット掲示板,0
116,嵐ニューシングル,嵐のニューシングル,0
116,嵐 コンサート,嵐 コンサート 動画,1
116,嵐mステ,嵐櫻井くん,1
116,嵐dvddvd2枚組,嵐書籍,0
116,嵐年譜,ちゃん嵐truthpv視聴,0
116,嵐pv視聴,嵐歌詞,1
116,嵐ニューシングル,vs嵐,0
116,嵐ニューシングル,嵐ひみつのアラシちゃん,0
116,ジャニーズネット嵐,嵐書籍,0
116,嵐dvddvd2枚組,嵐の宿題,0
116,嵐mステ,嵐cm,0
116,嵐mステ,嵐ジャニーズ,1
116,嵐 コンサート,嵐 コンサート コンサート,0
116,嵐年譜,嵐cm,1
116,嵐ニューシングル,嵐感謝カンゲキ雨,1
116,嵐pv視聴,嵐スマイル,1
116,嵐pv視聴,嵐の曲,1
116,嵐ワンラブ,嵐大野智,1
116,嵐年譜,嵐ブログ,0
116,嵐 コンサート,嵐 コンサート 予約,1
116,ジャニーズネット嵐,嵐身長,1
117,アイントラハトフランクフルト,フランクフルト業務用,0
117,フランクフルトクリスマスマーケット,フランクフルトクリスマスマーケット紹介,1
117,アイントラハトフランクフルト,ホテルフランクフルト,0
117,フランクフルトパリ,フランクフルトモーターショー,0
117,フランクフルトクリスマスマーケット,ヒルトンフランクフルト,0
117,hisフランクフルト,フランクフルト学派,0
117,フランクフルト日本人学校,フランクフルトパリ,0
117,hisフランクフルト,フランクフルトシュツットガルト,1
117,フランクフルト日本人学校,フランクフルトホテル情報,0
117,hisフランクフルト,フランクフルトデュッセルドルフ,1
117,フランクフルトストライキ,フランクフルトボストン,0
117,フランクフルト日本人学校,フランクフルト日本人,0
117,フランクフルト生活情報,アイントラハトフランクフルト,0
117,フランクフルトストライキ,フランクフルトローテンブルク,0
117,フランクフルト フランクフルトモーターショー,フランクフルト フランクフルトモーターショー 次期,1
117,フランクフルト カロリー,フランクフルト カロリー カロリー,0
117,フランクフルトクリスマスマーケット,フランクフルト天気,0
117,フランクフルト オプショナルツアー,フランクフルト オプショナルツアー オプショナルツアー,0
117,フランクフルト フランクフルトモーターショー,フランクフルト フランクフルトモーターショー フランクフルトモーターショー,0
117,アイントラハトフランクフルト,ドイツフランクフルトの4つ星ホテル,0
117,hisフランクフルト,ベストウエスタンナショナルフランクフルトアムマイン,1
117,フランクフルトクリスマスマーケット,フランクフルト地図,1
117,フランクフルト生活情報,フランクフルトニューヨーク,0
117,フランクフルト オプショナルツアー,フランクフルト オプショナルツアー フランクフルト発,1
117,フランクフルトストライキ,フランクフルト日本人学校,0
117,フランクフルト生活情報,フランクフルト泊,0
117,hisフランクフルト,フランクフルトヴュルツブルク,1
117,フランクフルトパリ,フランクフルト泊,0
117,フランクフルト日本人学校,フランクフルト国際空港,0
117,フランクフルト フランクフルトモーターショー,フランクフルト フランクフルトモーターショー AUTOCAR,1
117,アイントラハトフランクフルト,アイントラハトフランクフルト紹介,1
117,hisフランクフルト,フランクフルトモーターショー,0
117,フランクフルトクリスマスマーケット,フランクフルト観光,1
117,フランクフルト日本人学校,フランクフルト周辺,0
117,フランクフルト日本人学校,フランクフルト放送交響楽団,0
117,アイントラハトフランクフルト,フランクフルトツアー,1
117,アイントラハトフランクフルト,フランクフルトサッカー,1
117,hisフランクフルト,フランクフルトケルン,1
117,hisフランクフルト,回フランクフルトモーターショー,0
117,フランクフルト日本人学校,フランクフルト口コミ情報,0
117,フランクフルト日本人学校,フランクフルトボストン,0
117,フランクフルトクリスマスマーケット,フランクフルトローテンブルク,1
117,フランクフルトストライキ,フランクフルトフュッセン,0
117,hisフランクフルト,hisフランクフルト紹介,1
117,フランクフルト フランクフルトモーターショー,フランクフルト フランクフルトモーターショー スズキ,1
117,フランクフルトパリ,フランクフルト旅行,1
117,hisフランクフルト,フランクフルトブレーメン,1
117,フランクフルトパリ,回フランクフルトモーターショー,0
117,フランクフルトクリスマスマーケット,フランクフルトケルン,1
117,フランクフルトストライキ,フランクフルトサンフランシスコ,0
117,フランクフルト フランクフルトモーターショー,フランクフルト フランクフルトモーターショー ショー,0
117,フランクフルト生活情報,フランクフルトホーム,0
117,hisフランクフルト,フランクフルトソーセージ,0
117,hisフランクフルト,プレミアホテルフランクフルトアムマイン,1
117,hisフランクフルト,フランクフルトフュッセン,1
117,フランクフルトパリ,フランクフルト旅行情報,0
117,フランクフルト フランクフルトモーターショー,フランクフルト フランクフルトモーターショー Autoblog,1
117,アイントラハトフランクフルト,フランクフルトベルリン,0
117,フランクフルトパリ,フランクフルト発,1
117,フランクフルトクリスマスマーケット,フランクフルトアムマイン,1
117,フランクフルトストライキ,フランクフルトプレビュー,0
117,hisフランクフルト,フランクフルト発着,1
117,フランクフルトストライキ,ドイツフランクフルト,1
117,アイントラハトフランクフルト,フランクフルトホーム,1
117,フランクフルトパリ,フランクフルトシュツットガルト,0
117,フランクフルト生活情報,フランクフルト発着,0
117,hisフランクフルト,フランクフルトニューヨーク,1
117,アイントラハトフランクフルト,フランクフルト日本人,1
117,フランクフルトストライキ,ビルケンフランクフルト,0
117,フランクフルトパリ,フランクフルトミュンヘン,0
117,フランクフルト生活情報,ドイツフランクフルト,1
117,フランクフルト日本人学校,フランクフルトソーセージ,0
117,フランクフルト日本人学校,ロンドンフランクフルト,0
117,アイントラハトフランクフルト,フランクフルトブレーメン,0
117,hisフランクフルト,フランクフルトミュンヘン,1
117,フランクフルト生活情報,フランクフルト生活情報紹介,1
117,hisフランクフルト,フランクフルト発,1
117,hisフランクフルト,フランクフルト国際空港,1
117,フランクフルト日本人学校,ホテルフランクフルトマイン,0
117,hisフランクフルト,ホテルフランクフルトマイン,1
117,フランクフルトストライキ,フランクフルトデモ,1
117,フランクフルト生活情報,フランクフルト観光,0
117,フランクフルト オプショナルツアー,フランクフルト オプショナルツアー 就職,0
117,フランクフルトストライキ,フランクフルト放送交響楽団,0
117,フランクフルトストライキ,フランクフルト生活情報,0
117,フランクフルトストライキ,フランクフルト学派,0
117,フランクフルトクリスマスマーケット,フランクフルト空港,0
117,フランクフルトストライキ,フランクフルト空港,0
117,フランクフルトストライキ,フランクフルトヴュルツブルク,0
117,hisフランクフルト,フランクフルト周辺,0
117,フランクフルト日本人学校,フランクフルトサンフランシスコ,0
117,フランクフルト生活情報,フランクフルトベルリン,0
117,フランクフルトパリ,フランクフルトドレスデン,0
117,フランクフルト生活情報,フランクフルト天気,0
117,フランクフルトクリスマスマーケット,ロンドンフランクフルト,0
118,東方神起 占い,東方神起 占い おもしろい,1
118,東方神起呪文歌詞,東方神起兵役,0
118,東方神起呪文歌詞,東方神起usj,0
118,東方神起bolero初回限定版,東方神起プロフィール,0
118,東方神起呪文歌詞,東方神起最新情報,0
118,音魂と東方神起,東方神起2ndlivetour?fiveintheblack?通常版,0
118,東方神起呪文歌詞,東方神起呪文歌詞紹介,1
118,東方神起小説,韓国語東方神起,0
118,東方神起ファンクラブイベント,東方神起オフィシャルファンクラブ,1
118,音魂と東方神起,東方神起着うた,0
118,東方神起うた,東方神起着うた,1
118,音魂と東方神起,東方神起の歌詞,0
118,東方神起うた,東方神起の公式サイト,0
118,東方神起ファンクラブイベント,東方神起'o'正,0
118,東方神起うた,東方神起ニュース,0
118,東方神起小説,東方神起カレンダー,0
118,東方神起小説,東方神起スペシャル,0
118,東方神起 チケット,東方神起 チケット チケット,0
118,東方神起 レポ,東方神起 レポ ライブビューイング,1
118,東方神起うた,東方神起動画,1
118,東方神起が出るラジオ,東方神起スペシャル,0
118,音魂と東方神起,東方神起bolero初回限定版,0
118,東方神起呪文歌詞,東方神起特集,0
118,東方神起 レポ,東方神起 レポ トリ,1
118,東方神起小説,東方神起インタビュー,0
118,東方神起うた,東方神起スケジュール,0
118,東方神起 チケット,東方神起 チケット 東京ドーム,1
118,東方神起呪文歌詞,東方神起チケット,0
118,東方神起ファンクラブイベント,東方神起ブログ,1
118,東方神起作品リスト,東方神起プロフィール,1
118,東方神起ファンクラブイベント,東方神起試聴,0
118,東方神起作品リスト,東方神起ジュン,0
118,東方神起ファンクラブイベント,東方神起を応援,1
118,東方神起 KpopStarz,東方神起 KpopStarz 見舞い,1
118,東方神起が出るラジオ,東方神起アーティスト,0
118,東方神起作品リスト,東方神起ファンクラブイベント,0
118,東方神起ファンクラブイベント,東方神起ファンミ,0
118,東方神起呪文歌詞,東方神起日産スタジアム,0
118,東方神起が出るラジオ,東方神起インタビュー,1
118,東方神起ファンクラブイベント,東方神起ニューシングル,0
118,東方神起 チケット,東方神起 チケット しんき,0
118,東方神起ファンクラブイベント,東方神起の歌詞,0
118,音魂と東方神起,東方神起特集,0
118,音魂と東方神起,東方神起2ndasiatourodvd限定版,0
118,東方神起bolero初回限定版,東方神起を応援,0
118,東方神起 投票,東方神起 投票 WEB,1
118,東方神起bolero初回限定版,東方神起最新情報,0
118,東方神起が出るラジオ,音魂と東方神起が出るラジオ,0
118,東方神起うた,田來未fttohoshinki東方神起,1
118,東方神起 レポ,東方神起 レポ time,1
118,東方神起 チケット,東方神起 チケット 座席表,1
118,東方神起作品リスト,東方神起映画,1
118,音魂と東方神起,東方神起ニューシングル,0
118,東方神起作品リスト,東方神起アーティスト,1
118,東方神起 占い,東方神起 占い 占い,0
118,東方神起作品リスト,東方神起チャンミン,0
118,東方神起 KpopStarz,東方神起 KpopStarz Artist,1
118,東方神起小説,東方神起小説紹介,1
118,東方神起作品リスト,東方神起どうして君を好き,1
118,東方神起うた,東方神起日本,0
118,東方神起ファンクラブイベント,東方神起整形,0
118,東方神起 KpopStarz,東方神起 KpopStarz KpopStarz,0
118,東方神起bolero初回限定版,東方神起ファン,0
118,東方神起が出るラジオ,東方神起東方神起江ノ島,0
118,音魂と東方神起,東方神起画像情報,0
118,東方神起 レポ,東方神起 レポ レポ,0
118,東方神起呪文歌詞,東方神起占い,0
118,音魂と東方神起,東方神起ニュース,0
118,東方神起小説,東方神起ユノ,1
118,東方神起 投票,東方神起 投票 投票,0
118,東方神起うた,東方神起ファン,0
119,円形脱毛症 女性,円形脱毛症 女性 基礎,1
119,円形脱毛症隠す,多発性円形脱毛症,0
119,円形脱毛症を考える会,円形脱毛症治療,1
119,円形脱毛症 女性,円形脱毛症 女性 頭皮,1
119,円形脱毛症 女性,円形脱毛症 女性 抜け毛,1
119,円形脱毛症 治療,円形脱毛症 治療 脱毛症,0
119,円形脱毛症症例,円形脱毛症の種類,1
119,円形脱毛症大全集,円形脱毛症の基礎知識,0
119,円形脱毛症の兆候,円形脱毛症汎発性,0
119,円形脱毛症大全集,子供の円形脱毛症,1
119,円形脱毛症症例,円形脱毛症注射,0
119,円形脱毛症症例,円形脱毛症の症状,0
119,円形脱毛症とストレス,円形脱毛症けんいんせい,1
119,円形脱毛症を考える会,円形脱毛症は完治,1
119,円形脱毛症とストレス,円形脱毛症とストレス紹介,0
119,円形脱毛症大全集,円形脱毛症亜鉛,1
119,円形脱毛症隠す,円形脱毛症薬,0
119,円形脱毛症 女性,円形脱毛症 女性 女性,0
119,円形脱毛症 かつら,円形脱毛症 かつら 専門店,1
119,円形脱毛症の兆候,円形脱毛症治療,0
119,円形脱毛症 治療,円形脱毛症 治療 治療,0
119,円形脱毛症とストレス,女性の円形脱毛症,1
119,円形脱毛症症例,多発性円形脱毛症,1
119,円形脱毛症症例,多発型円形脱毛症,0
119,円形脱毛症症例,円形脱毛症の兆候,1
119,円形脱毛症症例,円形脱毛症薬,0
119,円形脱毛症症例,円形脱毛症の自己診断,1
119,円形脱毛症の兆候,円形脱毛症の薬,0
119,円形脱毛症 治療,円形脱毛症 治療 治療法,1
119,円形脱毛症とストレス,円形脱毛症の病院,0
119,円形脱毛症 お助け,円形脱毛症 お助け,0
119,円形脱毛症 女性,円形脱毛症 女性 ストレス,1
119,円形脱毛症大全集,円形脱毛症大全集紹介,1
119,円形脱毛症 原因,円形脱毛症 原因 漢方,0
119,円形脱毛症 かつら,円形脱毛症 かつら ウィッグ?,0
119,円形脱毛症とストレス,円形脱毛症の発症,1
119,円形脱毛症 原因,円形脱毛症 原因 脱毛症,0
119,円形脱毛症隠す,円形脱毛症芸能人,0
119,円形脱毛症 治療,円形脱毛症 治療 シャンプー,1
119,円形脱毛症隠す,円形脱毛症隠す紹介,1
119,円形脱毛症症例,円形脱毛症の治療,0
119,円形脱毛症大全集,円形脱毛症病気ブログ村,0
119,円形脱毛症隠す,女性の円形脱毛症,1
119,円形脱毛症 原因,円形脱毛症 原因 症例,0
119,円形脱毛症の兆候,円形脱毛症漢方,0
119,円形脱毛症大全集,円形脱毛症画像,1
119,円形脱毛症隠す,円形脱毛症の治療薬,0
119,円形脱毛症の兆候,円形脱毛症のフロジン液,0
119,円形脱毛症を考える会,円形脱毛症と漢方,0
119,円形脱毛症 かつら,円形脱毛症 かつら 理容店,1
119,円形脱毛症 かつら,円形脱毛症 かつら かつら,0
119,円形脱毛症症例,円形脱毛症とストレス,0
119,円形脱毛症 治療,円形脱毛症 治療 皮膚科,1
119,円形脱毛症 女性,円形脱毛症 女性 知識,1
119,円形脱毛症症例,円形脱毛症治療,0
119,円形脱毛症症例,円形脱毛症の治療薬,0
119,円形脱毛症 治療,円形脱毛症 治療 原因,0
119,円形脱毛症大全集,円形脱毛症の治療方法,1
119,円形脱毛症を考える会,円形脱毛症とストレス,0
119,円形脱毛症隠す,円形脱毛症の病院,0
119,円形脱毛症の兆候,円形脱毛症の治療,0
119,円形脱毛症の兆候,円形脱毛症の種類,1
119,円形脱毛症 治療,円形脱毛症 治療 症状,0
119,円形脱毛症症例,円形脱毛症と漢方,0
119,円形脱毛症症例,円形脱毛症の治療法,0
119,円形脱毛症隠す,円形脱毛症の治療方法,0
119,円形脱毛症とストレス,円形脱毛症の治療薬,0
119,円形脱毛症症例,円形脱毛症症例紹介,1
119,円形脱毛症 女性,円形脱毛症 女性 読む,0
119,円形脱毛症大全集,円形脱毛症の病院,1
119,円形脱毛症 原因,円形脱毛症 原因 医学,1
119,円形脱毛症症例,円形脱毛症患者,0
119,円形脱毛症症例,円形脱毛症の発症,1
119,円形脱毛症 治療,円形脱毛症 治療 治す,0
119,円形脱毛症とストレス,子供の円形脱毛症,0
119,円形脱毛症を考える会,円形脱毛症を考える会紹介,1
119,円形脱毛症症例,円形脱毛症完治,1
119,円形脱毛症隠す,円形脱毛症ブログ,0
119,円形脱毛症 原因,円形脱毛症 原因 治療,0
119,円形脱毛症 治療,円形脱毛症 治療 子供,1
119,円形脱毛症とストレス,多発型円形脱毛症,1
119,円形脱毛症 原因,円形脱毛症 原因 皮膚科,0
119,円形脱毛症の兆候,円形脱毛症と漢方,0
119,円形脱毛症とストレス,円形脱毛症の種類,0
119,円形脱毛症 原因,円形脱毛症 原因 病院,0
119,円形脱毛症とストレス,円形脱毛症シャンプー,0
119,円形脱毛症の兆候,女性の円形脱毛症,1
119,円形脱毛症隠す,円形脱毛症の治療,0
119,円形脱毛症症例,円形脱毛症全身,1
119,円形脱毛症大全集,円形脱毛症写真,1
119,円形脱毛症症例,円形脱毛症画像,1
119,円形脱毛症を考える会,円形脱毛症の治療法,1
119,円形脱毛症を考える会,円形脱毛症シャンプー,1
119,円形脱毛症大全集,円形脱毛症原因女性,1
119,円形脱毛症を考える会,円形脱毛症漢方,1
119,円形脱毛症 かつら,円形脱毛症 かつら ネット,1
119,円形脱毛症 かつら,円形脱毛症 かつら With,0
119,円形脱毛症 かつら,円形脱毛症 かつら カツラ,0
119,円形脱毛症 原因,円形脱毛症 原因 原因,0
119,円形脱毛症症例,円形脱毛症亜鉛,0
119,円形脱毛症の兆候,円形脱毛症全身,0
120,柿の葉すし山の辺,柿の葉すし柿の葉寿司カロリー,0
120,たなかの柿の葉すし,奈良の柿の葉すし,1
120,柿の葉すし 奈良,柿の葉すし 奈良 奈良,0
120,柿の葉すし 奈良,柿の葉すし 奈良 すし,0
120,大和特産の柿の葉すし,柿の葉すし本舗,1
120,柿の葉すし 奈良県,柿の葉すし 奈良県 奈良県,0
120,柿の葉すし柿の葉寿司平宗,柿の葉すし販売紀の川壽司本舗,0
120,柿の葉すしヤマト,奈良コープ産業柿の葉すし,0
120,吉野地方の柿の葉すし,柿の葉すし柿の葉寿司カロリー,0
120,柿の葉すし柿の葉寿司平宗,名産柿の葉すし,1
120,大和特産の柿の葉すし,中谷本舗柿の葉すし,0
120,柿の葉すし山の辺,柿の葉すし柿の葉寿司いざさ,0
120,柿の葉すしヤマト,名産柿の葉すし,1
120,柿の葉すし 奈良,柿の葉すし 奈良 全国,0
120,柿の葉すし山の辺,柿の葉すし平宗柿の葉寿司,0
120,柿の葉すし柿の葉寿司平宗,鯖寿司も柿の葉すし,1
120,柿の葉すしヤマト,吉野名産柿の葉すし,0
120,大和特産の柿の葉すし,円柿の葉すし,0
120,柿の葉すしヤマト,手作り柿の葉すし,1
120,たなかの柿の葉すし,柿の葉すし奈良柿の葉寿司おすすめ,1
120,柿の葉すしヤマト,中谷本舗柿の葉すし,0
120,柿の葉すしヤマト,柿の葉すしヤマト紹介,1
120,柿の葉すし 奈良県,柿の葉すし 奈良県 料理,1
120,柿の葉すしカロリー,有名な柿の葉すし,0
120,吉野地方の柿の葉すし,紅葉した柿の葉すし,1
120,吉野地方の柿の葉すし,奈良コープ産業柿の葉すし,0
120,吉野地方の柿の葉すし,柿の葉すし鮭,1
120,大和特産の柿の葉すし,柿の葉すし平宗柿の葉寿司,1
120,大和特産の柿の葉すし,柿の葉すしセット,1
120,柿の葉すしさば,柿の葉すし柿の葉寿司いざさ,1
120,柿の葉すし山の辺,柿の葉すし柿の葉寿司食べ方,0
120,大和特産の柿の葉すし,大和特産の柿の葉すし紹介,1
120,柿の葉すし 奈良,柿の葉すし 奈良 郷土,1
120,柿の葉すしヤマト,柿の葉すし山の辺,1
120,柿の葉すしヤマト,奈良柿の葉すし本舗,1
120,大和特産の柿の葉すし,たなかの柿の葉すし,1
120,柿の葉すし山の辺,柿の葉すし柿の葉寿司たなか,0
120,柿の葉すし山の辺,柿の葉すし柿の葉寿司平宗,0
120,柿の葉すしカロリー,柿の葉すし作り方,0
120,大和特産の柿の葉すし,柿の葉すし柿の葉寿司作り方,0
120,柿の葉すし 奈良県,柿の葉すし 奈良県 日記,1
120,柿の葉すし山の辺,柿の葉すし柿の葉寿司ランキング,1
120,柿の葉すし柿の葉寿司平宗,紀の川名産品柿の葉すしギフト,0
120,柿の葉すしカロリー,サバの柿の葉すし,1
120,柿の葉すし 奈良県,柿の葉すし 奈良県 郷土,1
120,柿の葉すし山の辺,柿の葉すし柿の葉寿司作り方,0
120,柿の葉すし山の辺,柿の葉すし柿の葉寿司ヤマト,0
120,柿の葉すし柿の葉寿司平宗,手作り柿の葉すし,1
120,たなかの柿の葉すし,柿の葉すし田中柿の葉寿司,0
120,吉野地方の柿の葉すし,柿の葉すし柿の葉寿司ランキング,1
120,柿の葉すしさば,柿の葉すし柿の葉寿司ヤマト,1
120,柿の葉すし 奈良県,柿の葉すし 奈良県 ブログ,1
120,柿の葉すし 奈良県,柿の葉すし 奈良県 名物,1
120,たなかの柿の葉すし,柿の葉すし田中の柿の葉寿司,0
120,柿の葉すしさば,柿の葉すし柿の葉寿司たなか,1
120,柿の葉すし 奈良,柿の葉すし 奈良 本舗,1
120,たなかの柿の葉すし,柿の葉すし柿の葉寿司レシピ,0
120,柿の葉すし柿の葉寿司平宗,吉野名産柿の葉すし,1
120,柿の葉すし 奈良,柿の葉すし 奈良 ガイド,1
120,大和特産の柿の葉すし,柿の葉すし奈良柿の葉寿司,0
120,柿の葉すしさば,柿の葉すしさば紹介,1
120,柿の葉すし 冷凍,柿の葉すし 冷凍 冷凍,0
120,柿の葉すし山の辺,柿の葉すし奈良柿の葉寿司,0
120,柿の葉すし 奈良県,柿の葉すし 奈良県 ご当地,1
120,柿の葉すし柿の葉寿司平宗,柿の葉すし柿の葉寿司平宗紹介,1
120,大和特産の柿の葉すし,柿の葉すし柿の葉寿司食べ方,0
120,吉野地方の柿の葉すし,奈良柿の葉すし本舗,1
120,柿の葉すし 奈良,柿の葉すし 奈良 葉ずし,0
120,柿の葉すしヤマト,紀の川名産品柿の葉すしギフト,0
120,柿の葉すし 奈良,柿の葉すし 奈良 なか,0
120,たなかの柿の葉すし,柿の葉すし柿の葉寿司山の辺,0
120,柿の葉すし 奈良,柿の葉すし 奈良 吉野,1
120,たなかの柿の葉すし,柿の葉すし本舗,1
120,たなかの柿の葉すし,柿の葉すし柿の葉寿司京都,1
120,柿の葉すし 冷凍,柿の葉すし 冷凍 安全,1
120,柿の葉すしカロリー,柿の葉すしさけさば,1
120,吉野地方の柿の葉すし,こだわりの柿の葉すし,1
120,吉野地方の柿の葉すし,有名な柿の葉すし,1
120,柿の葉すしカロリー,柿の葉すしさば,1
120,柿の葉すしカロリー,ひょうたろう柿の葉すし,0
120,たなかの柿の葉すし,たなかの柿の葉すし紹介,1
121,シャネルデニム,シャネル香水,0
121,シャネルリップ,シャネルiphone5ケース,0
121,シャネルスポーツラインショルダーバッグ,シャネルマトラッセ,0
121,シャネルピアス激安,シャネルクリスマスコフレ2013,0
121,シャネルカバー,シャネルiphone5ケース,1
121,シャネルスポーツラインショルダーバッグ,シャネル香水エゴイスト,0
121,シャネルレストラン,シャネルレストラン紹介,1
121,シャネルデニム,シャネルカンボンライン,0
121,シャネルスポーツラインショルダーバッグ,シャネルの定番,0
121,シャネル 激安,シャネル 激安 ブランド品,0
121,シャネルピアス激安,シャネル化粧品,0
121,シャネルデニム,シャネルウエストポーチ,1
121,シャネル洋楽,シャネルのラムスキン,0
121,シャネルスポーツラインショルダーバッグ,シャネルスポーツラインショルダーバッグ紹介,1
121,シャネルピアス激安,シャネルピアス新作2013,1
121,シャネルデニム,本物保証シャネル,1
121,シャネル新作リング,シャネルコインケース,0
121,シャネルchanel情報館,シャネルデニムバッグ,1
121,シャネル新作リング,本物保証シャネル,1
121,シャネルリップ,シャネル化粧品公式,1
121,シャネル洋楽,シャネル歌手,1
121,シャネルピアス激安,シャネルのリップライナー,0
121,シャネル新作リング,シャネルスポーツラインショルダーバッグ,0
121,シャネル洋楽,シャネル靴,0
121,シャネル洋楽,シャネルサングラス,0
121,シャネルリップ,シャネル店舗,1
121,シャネルカバー,シャネルキーケース,0
121,シャネル洋楽,シャネルカンボンライン,0
121,シャネルスポーツラインショルダーバッグ,シャネルヘアゴム,0
121,シャネルピアス激安,シャネル化粧品公式,0
121,シャネル新作リング,シャネルchanel情報館,1
121,シャネルchanel情報館,シャネル財布小物,1
121,シャネル新作リング,シャネルトップス,0
121,シャネル コピー,シャネル コピー brandshop,0
121,シャネルリップ,シャネル財布,0
121,シャネルレストラン,シャネルリップクリーム,0
121,シャネルchanel情報館,シャネルの定番,1
121,シャネルカバー,シャネルネックレス,0
121,シャネルカバー,シャネル新作リング,0
121,シャネル コピー,シャネル コピー コピー,0
121,シャネルカバー,シャネル2008年新作,0
121,シャネル コピー,シャネル コピー 中国,1
121,シャネル ココ?シャネル,シャネル ココ?シャネル 激安,0
121,シャネルリップ,シャネルファッション,0
121,シャネル新作リング,シャネルカンボンラインポーチ,0
121,シャネルカバー,シャネルキーケースピンク,0
121,シャネルリップ,シャネル人気,1
121,シャネル洋楽,シャネルキーケース,0
121,シャネル 激安,シャネル 激安 公式,0
121,シャネル ココ?シャネル,シャネル ココ?シャネル 映画,1
121,シャネルデニムバッグ,シャネルジャパン,0
121,シャネルカバー,シャネルコインケース,0
121,シャネル コピー,シャネル コピー スーパー,1
121,シャネル新作リング,シャネルマーク,0
121,シャネルデニム,シャネル人気,1
121,シャネル ココ?シャネル,シャネル ココ?シャネル ココ?シャネル,0
121,シャネル 買取,シャネル 買取 専門,1
121,シャネルレストラン,シャネルデニムバッグ,0
121,シャネル ココ?シャネル,シャネル ココ?シャネル コピー,0
121,シャネルデニムバッグ,シャネルマトラッセ,1
121,シャネルデニムバッグ,シャネル時計,0
121,シャネルデニムバッグ,シャネルネックレス,0
121,シャネル新作リング,シャネル新作リング紹介,1
121,シャネルレストラン,シャネル求人,1
121,シャネルchanel情報館,シャネルカメリアピアス,1
121,シャネルデニム,シャネルアクセサリー小物,0
121,シャネルchanel情報館,シャネルジュエリー,1
121,シャネルスポーツラインショルダーバッグ,シャネルチーク,0
121,シャネル 激安,シャネル 激安 激安,0
121,シャネルピアス激安,シャネルカメリアピアス,1
121,シャネル洋楽,シャネルキーケースピンク,0
121,シャネルデニム,シャネルウェア小物,0
121,シャネル 激安,シャネル 激安 専門店,1
121,シャネルリップ,シャネルウェア小物,0
121,シャネルレストラン,シャネル財布,0
121,シャネルデニム,シャネルマスカラ,0
121,シャネルカバー,シャネルピアス,0
121,シャネルリップ,シャネル財布コピー,0
121,シャネルchanel情報館,シャネル香水エゴイスト,1
121,シャネルスポーツラインショルダーバッグ,シャネルカンボンラインポーチ,0
121,シャネルデニムバッグ,シャネルコスメ,0
121,シャネルレストラン,シャネル財布コピー,0
121,シャネルレストラン,シャネルバッグ,0
121,シャネルデニムバッグ,シャネルピアス新作2013,0
121,シャネルレストラン,シャネルファッション,0
121,シャネルピアス激安,シャネル財布小物,0
121,シャネルピアス激安,シャネルピアス激安紹介,1
121,シャネルレストラン,シャネル歌手,0
121,シャネルデニム,シャネルカンボンラインポーチ,0
121,シャネル ココ?シャネル,シャネル ココ?シャネル スーパー,0
121,シャネルリップ,シャネルブローチ,0
121,シャネルカバー,iphoneカバーシャネル,1
121,シャネルカバー,シャネル時計,0
121,シャネル洋楽,シャネル洋楽紹介,1
121,シャネル 買取,シャネル 買取 買取,0
121,シャネルデニム,シャネル靴,0
121,シャネルchanel情報館,シャネルバッグ,1
121,シャネルデニムバッグ,シャネル求人,0
121,シャネルスポーツラインショルダーバッグ,シャネルアクセサリー,0
121,シャネルデニム,シャネルサングラス,0
121,シャネル 買取,シャネル 買取 高価,1
121,シャネル ココ?シャネル,シャネル ココ?シャネル 名言,1
121,シャネルスポーツラインショルダーバッグ,シャネルチェーンショルダーバッグ,0
121,シャネルピアス激安,シャネルアクセサリー,1
121,シャネルレストラン,シャネルのデザイナー,0
121,シャネルデニム,シャネルのリップライナー,0
121,シャネルchanel情報館,シャネルファショコン通信,0
121,シャネルスポーツラインショルダーバッグ,シャネル店舗,0
121,シャネル洋楽,シャネルアクセサリー小物,0
121,シャネルリップ,シャネル化粧品,1
121,シャネルchanel情報館,シャネル2008年新作,1
121,シャネルピアス激安,シャネル公式サイト,0
121,シャネル 買取,シャネル 買取 質屋,1
121,シャネルデニム,シャネルプードゥルユニヴェルセルコンパクト,0
121,シャネルスポーツラインショルダーバッグ,シャネルコスメ,0
121,シャネルデニムバッグ,シャネルチェーンショルダーバッグ,0
121,シャネル コピー,シャネル コピー コピー代引き,1
121,シャネルデニムバッグ,シャネルブレスレット,0
121,シャネル洋楽,シャネルのデザイナー,0
121,シャネル洋楽,シャネルアクセサリー,0
121,シャネルデニム,シャネルバッグ財布化粧品激安通販,0
121,シャネル 買取,シャネル 買取 専門店,1
121,シャネルchanel情報館,シャネルのリップライナー,1
122,女子バレー宮下,女子バレーチケット,0
122,女子バレー 全日本,女子バレー 全日本 出場権,1
122,女子バレー 学校,女子バレー 学校 教える,1
122,女子バレー宮下,全日本バレーボール女子バレー,1
122,女子バレーvリーグ,部女子バレーリーグ於東京体育館,1
122,女子バレー宮下,女子バレーについて勝手,0
122,女子バレー 選手,女子バレー 選手 チーム,1
122,女子バレー全日本インカレ,女子バレー部,1
122,女子バレー挫折,女子バレー人気,0
122,女子バレー 全日本,女子バレー 全日本 blog,1
122,女子バレー 全日本,女子バレー 全日本 チーム,1
122,女子バレー全日本インカレ,東京女子バレー,0
122,女子バレー 選手,女子バレー 選手 Yahoo,0
122,女子バレー 選手,女子バレー 選手 メダル,0
122,女子バレー五輪最終予選,女子バレー菅山かおる緊急入院北京五輪代表,0
122,女子バレー五輪最終予選,北京五輪女子バレー,1
122,女子バレー 木村沙織,女子バレー 木村沙織 宮下遥,0
122,女子バレー挫折,女子バレー秋季リーグ決勝リーグ,0
122,女子バレー速報,全日本女子バレーチーム,1
122,女子バレー 選手,女子バレー 選手 動画,1
122,女子バレー五輪最終予選,年全日本女子バレー,0
122,女子バレー 全日本,女子バレー 全日本 セルビア,1
122,女子バレー 全日本,女子バレー 全日本 バレーボール,0
122,女子バレー五輪最終予選,女子バレー速報,1
122,女子バレー速報,女子バレーニュース,0
122,女子バレー 全日本,女子バレー 全日本 今日,1
122,女子バレー宮下,女子バレー人気,0
122,女子バレー 学校,女子バレー 学校 高等,1
122,女子バレー 選手,女子バレー 選手 直筆,1
122,女子バレー挫折,日本女子バレー,0
122,女子バレー太もも,女子バレーパン線,0
122,女子バレーvリーグ,全日本女子バレー選手,0
122,女子バレー五輪最終予選,日本女子バレー画像,1
122,女子バレー 選手,女子バレー 選手 日本,1
122,女子バレー速報,女子バレーvプレミアリーグ応援日誌,0
122,女子バレー挫折,女子バレー大会,0
122,女子バレー速報,女子バレーvリーグ,1
122,女子バレー五輪最終予選,女子バレー北京,1
122,女子バレー挫折,女子バレー秋季リーグ,0
122,女子バレー 木村沙織,女子バレー 木村沙織 後継者,1
122,女子バレー速報,全日本女子バレー選手,0
122,女子バレー速報,女子バレー選手,0
122,女子バレー太もも,闘争心全日本女子バレーの栄光挫折,0
122,女子バレー五輪最終予選,女子バレー故障欠場,1
122,女子バレー挫折,女子バレー日本代表関連最新情報,0
122,女子バレー太もも,全日本女子バレー,0
122,女子バレー宮下,カテゴリ全日本女子バレーの試合,0
122,女子バレー速報,連覇女子バレー,1
122,女子バレー太もも,女子バレー全日本インカレ,0
122,女子バレー太もも,女子バレー太もも紹介,1
122,女子バレー宮下,女子バレー宮下紹介,1
122,女子バレー全日本インカレ,女子バレー全日本インカレ紹介,1
122,女子バレー五輪最終予選,女子バレー世界最終予選,0
122,女子バレー宮下,女子バレー結果,0
122,女子バレー 全日本,女子バレー 全日本 全日本,0
122,女子バレー 学校,女子バレー 学校 バレー部,1
122,女子バレー全日本インカレ,女子バレー最終戦,0
122,女子バレー 学校,女子バレー 学校 学校,0
122,女子バレー速報,全日本女子バレー,1
122,女子バレー宮下,バレーボール全日本女子バレー,0
122,女子バレーvリーグ,高校女子バレー部,0
122,女子バレー 木村沙織,女子バレー 木村沙織 nanapi,1
122,女子バレー太もも,女子バレー八百長,0
122,女子バレー全日本インカレ,女子バレーについて勝手,0
122,女子バレー挫折,女子バレー菅山かおる緊急入院北京五輪代表,0
122,女子バレーvリーグ,高橋女子バレー,1
122,女子バレー全日本インカレ,部女子バレーリーグ於東京体育館,1
122,女子バレー 木村沙織,女子バレー 木村沙織 木村沙織,0
122,女子バレーvリーグ,女子バレー選手,1
122,女子バレー 全日本,女子バレー 全日本 4位,1
122,女子バレーvリーグ,女子バレー秋季リーグ,1
122,女子バレー速報,女子バレー日程,0
122,女子バレー 学校,女子バレー 学校 Yahoo,0
122,女子バレーvリーグ,女子バレー部,0
122,女子バレー挫折,女子バレー日本女子,0
122,女子バレー五輪最終予選,女子バレー画像,1
122,女子バレー 全日本,女子バレー 全日本 日本,0
122,女子バレー宮下,女子バレー日程,0
122,女子バレー五輪最終予選,女子バレーニュース,1
122,女子バレー挫折,闘争心全日本女子バレー,0
122,女子バレー宮下,女子バレーセッター,1
122,女子バレーvリーグ,女子バレーvリーグ紹介,1
122,女子バレー速報,女子バレー速報紹介,0
122,女子バレー 選手,女子バレー 選手 選手,0
122,女子バレー全日本インカレ,高校女子バレー部,0
123,tppオーストラリア,tpp議論,1
123,tpp参加国,tpp社会,0
123,tpp交渉,tpp競争,1
123,tpp参加国,tppオーストラリア,1
123,tpp外交,tpp医療,0
123,tppチリ,tppメリットデメリット,1
123,tpp外交,tpp物品市場アクセス,0
123,tpp交渉,tpp交渉紹介,1
123,日本におけるtpp,tppニュージーランド,0
123,tpp農業,tpp原産地規制,0
123,tpp参加国,tppペルー,1
123,tpp2008年度,tpp環境,0
123,TPP 日本,TPP 日本 メリット,1
123,tpp農業,tpp政府調達,1
123,tpp政策,日本におけるtppに対する反応,0
123,tpp政策,tpp知的財産,1
123,tpp2008年度,tppベトナム,0
123,tppオーストラリア,tppオーストラリア紹介,1
123,tppチリ,tpp交渉,1
123,tppオーストラリア,年度tpptogetherforpeacepower開催日程決定,0
123,tpp農業,tpp経済,0
123,tpp政策,tpp概要,1
123,tpp2008年度,年度tpptogetherforpeacepower開催日程決定,0
123,tpp農業,tpp亡国論,1
123,tppチリ,tppとは,0
123,TPP 日本,TPP 日本 交渉,1
123,tpp参加国,tpp参加国紹介,1
123,tppメリット,tpp議論,1
123,tpp2008年度,日本におけるtppに対する反応,0
123,tpp参加国,tpp外交,0
123,日本におけるtpp,tpp問題点,1
123,日本におけるtpp,tppメキシコ,0
123,tpp交渉,tppアメリカ,1
123,tpp外交,tpp知的財産,0
123,tppオーストラリア,tpp米国,0
123,tppオーストラリア,tpp現在,1
123,tpp農業,tpp物品市場アクセス,1
123,tppメリット,tppカナダ,0
123,tpp農業,tpp知的財産,0
123,TPP 調査,TPP 調査 my,0
123,tpp外交,tppアメリカ,1
123,tpp農業,tpp投資,1
123,TPP 日本,TPP 日本 参加,1
123,tppチリ,tppシンガポール,0
123,tpp政策,tpp物品市場アクセス,1
123,tpp外交,tppベトナム,1
123,tpp外交,tpp競争政策,0
123,TPP 日本,TPP 日本 環太平洋,0
123,tpp外交,tpp投資,0
123,tpp交渉,tpp米国,1
123,日本におけるtpp,tppチリ,0
123,TPP 日本,TPP 日本 デメリット,1
123,tpp農業,tpp医療,0
123,tppチリ,tpp交渉年内,0
123,tpp農業,tpp2008年度,0
123,tpp政策,tpp社会,0
123,tpp交渉,tppオーストラリア,1
123,日本におけるtpp,tppマレーシア,0
123,TPP Twitpic,TPP Twitpic,0
123,日本におけるtpp,tppシンガポール,0
123,日本におけるtpp,tpp参加国,0
123,tpp農業,tpp政治,0
123,tpp参加国,tpp問題点,0
123,tppチリ,tppペルー,0
123,tpp政策,tpp競争政策,1
123,TPP 調査,TPP 調査 調査,0
123,tppオーストラリア,tpp環境,0
123,tpp2008年度,tppとは,0
123,tpp交渉,tpp原産地規制,0
123,tpp参加国,tpp政治,0
123,tppチリ,tpp現状tppメリット,1
123,tppメリット,tppメリットデメリット,1
123,tpp参加国,tpp経済,0
123,tppメリット,tppメリット紹介,1
123,tppメリット,tppニュージーランド,1
123,tpp交渉,tpp交渉年内,1
123,TPP 調査,TPP 調査 フォーラム,1
123,TPP 日本,TPP 日本 協定,0
123,tppメリット,tpp概要,1
123,tpp参加国,tppチリ,1
123,tppメリット,tpp政府調達,1
123,tppメリット,tpp関連する制度的基盤の整備,0
123,TPP 日本,TPP 日本 経済,1
123,tpp外交,tpp原産地規制,0
123,日本におけるtpp,tppペルー,0
123,tpp外交,tpp2008年度,0
123,tppチリ,tppメリット,1
123,tpp2008年度,tppは世界各国,0
123,tppチリ,tppチリ紹介,1
123,tpp参加国,tpp概要,1
123,日本におけるtpp,tpp政治,1
123,TPP 調査,TPP 調査 二分,0
123,tpp参加国,tppニュージーランド,1
123,tpp2008年度,tpp社会,0
123,tppメリット,tpp現状tppメリット,1
123,tpp参加国,tppマレーシア,1
123,tpp参加国,tppシンガポール,1
123,tppメリット,tppマレーシア,1
123,日本におけるtpp,tpp貿易円滑化,1
123,tppメリット,日本におけるtppに対する反応,0
123,TPP 日本,TPP 日本 日本,0
123,tpp2008年度,tpp現在,0
123,tpp農業,tpp農業紹介,1
123,TPP 日本,TPP 日本 農業,1
123,tpp外交,tpp亡国論,0
123,tpp外交,tpp経済,0
123,TPP 調査,TPP 調査 コミュニティ,0
123,tpp外交,tpp政治,0
123,tpp外交,tpp農業,0
123,TPP 日本,TPP 日本 問題,1
123,tppメリット,tpp労働,1
124,ドラえもん映画動画,ドラえもんの頭,0
124,ドラえもん映画動画,ドラえもん打ち切り,0
124,ドラえもん離れ,ドラえもんのび太,0
124,ドラえもん離れ,ドラえもんのび太の新魔界,0
124,ドラえもん映画主題歌,ドラえもんミュージアム,0
124,ドラえもん離れ,ドラえもんの主題歌,0
124,ドラえもんミニドラ,ドラえもんのび太の新魔界,0
124,ドラえもん 映画,ドラえもん 映画 のび太,1
124,ドラえもん表現,ドラえもん不適切表現,1
124,ドラえもん回収,ドラえもんドラミ,0
124,ドラえもん怖い話,ドラえもん最終回,1
124,ドラえもん映画動画,ドラえもんゲーム情報,0
124,ドラえもんミュージアム,映画ドラえもん主題歌,0
124,ドラえもん DS,ドラえもん DS ドラえもん系,1
124,ドラえもんサンタメール,ドラえもんプラス,0
124,ドラえもん映画動画,ドラえもんの音,0
124,ドラえもん映画動画,ドラえもんプラス,0
124,ドラえもんジャイ子,ドラえもん怖い話,0
124,ドラえもん表現,ドラえもんゲームゲームキューブ,0
124,ドラえもん映画主題歌,映画ドラえもん25周年,1
124,ドラえもん映画動画,実物大ドラえもん,0
124,ドラえもん ゲーム,ドラえもん ゲーム 最終回,0
124,ドラえもんミュージアム,ドラえもんのび太の新魔界,0
124,ドラえもん怖い話,ドラえもん出木杉,0
124,ドラえもん野比のび太,ドラえもん動画,0
124,ドラえもん映画主題歌,ドラえもんテレビアニメ,0
124,ドラえもん表現,ドラえもんの主題歌,0
124,ドラえもんのび太のバイオハザード,ドラえもんのび太の恐竜,0
124,ドラえもんサンタメール,ドラえもんの頭,0
124,ドラえもん回収,ドラえもんの頭,0
124,ドラえもん 動画,ドラえもん 動画 新着,1
124,ドラえもんミニドラ,ドラえもんのうた,0
124,ドラえもん 動画,ドラえもん 動画 New,1
124,ドラえもん表現,ドラえもんゲーム,0
124,ドラえもん 映画,ドラえもん 映画 壁紙,1
124,ドラえもん野比のび太,ドラえもんのうた,0
124,ドラえもんジャイ子,ドラえもんのび太,0
124,ドラえもんミニドラ,ドラえもんドラミちゃん,0
124,ドラえもんのび太のバイオハザード,ドラえもん画像,0
124,ドラえもん野比のび太,ドラえもん画像,1
124,ドラえもんサンタメール,ドラえもんのび太のバイオハザード,0
124,ドラえもん怖い話,ドラえもん怖い話紹介,1
124,ドラえもんミュージアム,ドラえもんミュージアム紹介,1
124,ドラえもん映画動画,ドラえもん回収,0
124,ドラえもん表現,ドラえもん離れ,0
124,ドラえもん離れ,ドラえもん離れ紹介,1
124,ドラえもん離れ,ドラえもんのうた,0
124,ドラえもん ゲーム,ドラえもん ゲーム 画像,1
124,ドラえもんのび太のバイオハザード,ドラえもん映画主題歌篇,0
124,ドラえもんミニドラ,ドラえもん画像,1
124,ドラえもん映画動画,ドラえもんのび太のバイオハザード,0
124,ドラえもん映画主題歌,ドラえもんの音,0
124,ドラえもん 映画,ドラえもん 映画 藤子,0
124,ドラえもん映画主題歌,ドラえもん映画のび太,0
124,ドラえもん怖い話,ドラえもん名言,0
124,ドラえもんミュージアム,ドラえもんの音,0
124,ドラえもん映画動画,ドラえもんゲームゲームキューブ,0
124,ドラえもん表現,ドラえもんゲームガイド,0
124,ドラえもん 動画,ドラえもん 動画 誕生,1
124,ドラえもんジャイ子,ドラえもんジャイ子紹介,1
124,ドラえもんのび太のバイオハザード,ドラえもんと国語,0
124,ドラえもん怖い話,ドラえもん歌,0
124,ドラえもん映画主題歌,ドラえもんのび太,0
124,ドラえもん DS,ドラえもん DS DS,0
124,ドラえもんジャイ子,ドラえもんチャンネル,0
124,ドラえもん映画主題歌,映画ドラえもん主題歌,0
124,ドラえもんサンタメール,実物大ドラえもん,0
124,ドラえもんジャイ子,ドラえもんのうた,0
124,ドラえもん野比のび太,映画ドラえもんのび太,0
124,ドラえもん ゲーム,ドラえもん ゲーム わかる,0
124,ドラえもん映画動画,ドラえもんサンタメール,0
124,ドラえもん回収,ドラえもんミニドラ,0
124,ドラえもん 動画,ドラえもん 動画 動画,0
124,ドラえもん映画動画,ドラえもん日本,0
124,ドラえもん離れ,ドラえもん動画,0
124,ドラえもんのび太のバイオハザード,ドラえもんちゃん,0
124,ドラえもん 動画,ドラえもん 動画 Togetter,0
124,ドラえもんのび太のバイオハザード,ドラえもん歌,0
124,ドラえもんのび太のバイオハザード,ラミドラえもんズロボット学校七不思議,0
124,ドラえもんミュージアム,ドラえもん百科,0
124,ドラえもん表現,ドラえもんゲーム情報,0
124,ドラえもん表現,ドラえもんセワシ,0
124,ドラえもん離れ,ドラえもんスネ夫,0
124,ドラえもん離れ,ドラえもんテレビアニメ,0
124,ドラえもん映画主題歌,ドラえもんスネ夫,0
124,ドラえもん 映画,ドラえもん 映画 感想,1
124,ドラえもん離れ,ドラえもんゲームガイド,0
124,ドラえもんミニドラ,ドラえもん野比のび太,0
124,ドラえもん映画動画,ドラえもんジャイ子,0
124,ドラえもんのび太のバイオハザード,ラミドラえもんズ宇宙ランド危機,0
124,ドラえもん ゲーム,ドラえもん ゲーム ゲーム,0
124,ドラえもんミニドラ,ドラえもん動画,0
124,ドラえもんミュージアム,ドラえもん映画,0
124,ドラえもんジャイ子,ドラえもんのび太のバイオハザード,0
124,ドラえもん 映画,ドラえもん 映画 映画,0
124,ドラえもん映画動画,ドラえもんdvd,1
124,ドラえもん回収,ドラえもんテレビアニメ,1
124,ドラえもん表現,映画ドラえもんのび太,0
124,ドラえもんのび太のバイオハザード,ドラえもんミュージアム,0
124,ドラえもんのび太のバイオハザード,ドラえもんドラミちゃん,0
124,ドラえもん 映画,ドラえもん 映画 奇跡,1
124,ドラえもん表現,ドラえもんテレビアニメ,1
124,ドラえもんジャイ子,ドラえもん学,0
124,ドラえもんミニドラ,ドラえもん日本,0
124,ドラえもん野比のび太,ドラえもんチャンネル,0
124,ドラえもんのび太のバイオハザード,ドラえもん音頭,0
124,ドラえもん離れ,ドラえもん百科,0
124,ドラえもん表現,ドラえもんジャイアン,0
124,ドラえもん映画動画,ドラえもん映画動画紹介,1
124,ドラえもん回収,ドラえもん不適切表現,1
124,ドラえもんのび太のバイオハザード,ドラえもんdvd,0
124,ドラえもんミニドラ,ドラえもんのび太,0
124,ドラえもん ゲーム,ドラえもん ゲーム 日本,1
124,ドラえもん回収,ドラえもん映画,0
124,ドラえもんミニドラ,ドラえもんの道具,0
124,ドラえもんジャイ子,ドラえもん最終回,0
124,ドラえもんサンタメール,ドラえもん打ち切り,0
124,ドラえもんミニドラ,ドラえもんチャンネル,0
124,ドラえもん怖い話,ドラえもんドラミ,0
124,ドラえもんミュージアム,ドラえもん緑,0
124,ドラえもん野比のび太,ドラえもんのび太,0
124,ドラえもん 動画,ドラえもん 動画 長崎,1
124,ドラえもん離れ,ドラえもんジャイアン,0
124,ドラえもん映画主題歌,ドラえもん映画,0
124,ドラえもんジャイ子,ドラえもん日本,0
124,ドラえもんサンタメール,ドラえもんジャイ子,0
124,ドラえもん ゲーム,ドラえもん ゲーム 購入,1
124,ドラえもん映画動画,ドラえもん野比のび太,0
124,ドラえもんジャイ子,ドラえもん出木杉,0
124,ドラえもん回収,ドラえもんセワシ,0
124,ドラえもんジャイ子,ドラえもん画像,1
124,ドラえもん回収,ドラえもんの音,0
124,ドラえもん野比のび太,ドラえもんの道具,0
124,ドラえもんミュージアム,ドラえもんのび太,0
124,ドラえもん野比のび太,ドラえもん野比のび太紹介,1
124,ドラえもん 動画,ドラえもん 動画 削除,1
124,ドラえもん離れ,ドラえもんぬいぐるみ,0
124,ドラえもん怖い話,ドラえもんdvd,0
124,ドラえもんサンタメール,ドラえもん映画動画,0
124,ドラえもん怖い話,ドラえもんぬいぐるみ,0
124,ドラえもんのび太のバイオハザード,ドラえもん名言,0
124,ドラえもんミュージアム,ドラえもんスネ夫,0
124,ドラえもん野比のび太,ドラえもんアニメ,1
124,ドラえもん回収,ドラえもんゲーム,0
124,ドラえもんサンタメール,ドラえもん回収,0
124,ドラえもん回収,映画ドラえもん主題歌,0
124,ドラえもんのび太のバイオハザード,映画ドラえもんのび太の新魔界,0
124,ドラえもん怖い話,ドラえもんミニドラ,0
124,ドラえもん回収,ドラえもんの道具,0
124,ドラえもんのび太のバイオハザード,ドラえもんコレクション,0
124,ドラえもん ゲーム,ドラえもん ゲーム 無料,1
124,ドラえもん 映画,ドラえもん 映画 2012年,1
124,ドラえもん野比のび太,ドラえもん日本,0
124,ドラえもん 映画,ドラえもん 映画 アニメ,0
124,ドラえもん怖い話,ドラえもん学,0
125,ビートルズ来歴,ザビートルズホワイトアルバム,1
125,ビートルズレットイット,ビートルズアビイロード,0
125,ビートルズ バンド,ビートルズ バンド 学ぶ,1
125,ビートルズソウル,ビートルズcm等のオンエア曲,1
125,ビートルズ映像作品,ビートルズ歌詞動画試聴,1
125,ビートルズ映像作品,ビートルズベストアルバム,1
125,ビートルズ画像,ビートルズリボルバー,1
125,ビートルズプリーズプリーズミー,ビートルズプリーズプリーズミー紹介,1
125,ビートルズ マッカートニー,ビートルズ マッカートニー DrillSpin,1
125,ビートルズ映像作品,内容満載のビートルズ映像作品集,1
125,ビートルズ来歴,ビートルズのスウェードシャツ,0
125,ビートルズ画像,ビートルズカバー,0
125,ビートルズレットイット,ビートルズの奇跡的軌跡,1
125,ビートルズ バンド,ビートルズ バンド ソチ,1
125,ビートルズ来歴,ビートルズレットイットビー,1
125,ビートルズ映像作品集,ビートルズオリジナルディスコグラフィー,1
125,ビートルズソウル,ビートルズリボルバー,0
125,ビートルズレットイット,ビートルズ作品の著作権,1
125,ビートルズ画像,ビートルズ歌詞動画試聴,1
125,ビートルズ画像,ビートルズベストアルバム,1
125,ビートルズ来歴,ビートルズディスコグラフィー,1
125,ビートルズレットイット,ビートルズフォーセール,0
125,ビートルズサージェントペパーズロンリーハーツクラブバンド,youtubeビートルズ,1
125,ビートルズレットイット,ラヴビートルズ歌詞対訳動画試聴,1
125,ビートルズ バンド,ビートルズ バンド どれ,0
125,ビートルズサージェントペパーズロンリーハーツクラブバンド,ビートルズ名曲,1
125,ビートルズ映像作品集,ビートルズデビュー以降の来歴,1
125,ビートルズプリーズプリーズミー,ビートルズのpv動画,1
125,ビートルズサージェントペパーズロンリーハーツクラブバンド,クリスマスビートルズ,0
125,ラヴビートルズ,ウィズザビートルズ,0
125,ビートルズ来歴,ビートルズのpv動画,0
125,ビートルズプリーズプリーズミー,ビートルズハードデイズナイト,0
125,ビートルズ映像作品集,ビートルズcm等のオンエア曲,1
125,ビートルズ映像作品,ビートルズフォーセール,1
125,ビートルズ画像,ビートルズ書籍,0
125,ビートルズ バンド,ビートルズ バンド Popart,0
125,ビートルズ映像作品,ビートルズリボルバー,1
125,ラヴビートルズ,ビートルズプリーズプリーズ,0
125,ビートルズプリーズプリーズミー,ビートルズライヴアットザbbcザコレク,0
125,ビートルズレットイット,ビートルズイエローサブマリン,0
125,ビートルズ映像作品集,ビートルズマジカルミステリーツアー,1
125,ビートルズサージェントペパーズロンリーハーツクラブバンド,ビートルズデビューまでの来歴,0
125,ビートルズ映像作品,恋におちたらビートルズ歌詞対訳動画試聴,0
125,ビートルズレットイット,ビートルズ台風,0
125,ビートルズ マッカートニー,ビートルズ マッカートニー レイン,1
125,ラヴビートルズ,ビートルズ解散以降,1
125,ビートルズサージェントペパーズロンリーハーツクラブバンド,ビートルズの楽曲,1
125,ビートルズ来歴,ビートルズフィルモグラフィー,0
125,ビートルズ映像作品,ビートルズオリジナルディスコグラフィー,1
125,ビートルズソウル,ビートルズ作品の著作権,1
125,ビートルズ映像作品,ビートルズ書籍,0
125,ビートルズプリーズプリーズミー,ビートルズサージェントペパーズロンリーハーツクラブバンド,0
125,ビートルズ画像,恋におちたらビートルズ歌詞対訳動画試聴,0
125,ビートルズ画像,ビートルズアビイロード,1
125,ビートルズレットイット,ビートルズ誕生,0
125,ビートルズ映像作品集,ビートルズアビイロード,1
125,ビートルズソウル,ビートルズラバーソウル,1
125,ビートルズ画像,ビートルズマジカルミステリーツアー,1
125,ビートルズ映像作品,ラヴビートルズ歌詞対訳動画試聴,1
125,ビートルズ映像作品集,ビートルズ解散以降,0
125,ビートルズレットイット,内容満載のビートルズ映像作品集,0
125,ビートルズプリーズプリーズミー,高橋大輔ビートルズ,0
125,ビートルズ映像作品,ビートルズ作品の著作権,1
125,ビートルズレットイット,ビートルズのpv動画,1
125,ビートルズレットイット,ザビートルズホワイトアルバム,0
125,ビートルズ マッカートニー,ビートルズ マッカートニー マッカートニー,0
125,ラヴビートルズ,ビートルズ情報満載,0
125,ビートルズ バンド,ビートルズ バンド 女子,1
125,ビートルズレットイット,ビートルズハードデイズナイト,0
125,ビートルズ マッカートニー,ビートルズ マッカートニー リンゴ,1
125,ビートルズ映像作品,ビートルズオフィシャルファンクラブサイト,1
125,ビートルズ来歴,ビートルズライヴアットザbbcザコレク,0
125,ビートルズプリーズプリーズミー,ビートルズレットイットビー,0
125,ビートルズ画像,ビートルズ画像紹介,1
125,ビートルズレットイット,ビートルズラバーソウル,0
125,ビートルズレットイット,ウィズザビートルズ,0
125,ビートルズ映像作品集,ビートルズカバー,1
125,ビートルズサージェントペパーズロンリーハーツクラブバンド,内容満載のビートルズ映像作品集,0
125,ビートルズソウル,ビートルズ解散以降,0
125,ビートルズ来歴,ビートルズサージェントペパーズロンリーハーツクラブバンド,0
125,ビートルズ マッカートニー,ビートルズ マッカートニー 捧ぐ,1
125,ラヴビートルズ,ビートルズマジカルミステリーツアー,0
125,ビートルズサージェントペパーズロンリーハーツクラブバンド,ビートルズのスウェードシャツ,0
125,ビートルズ バンド,ビートルズ バンド バンド,0
125,ビートルズサージェントペパーズロンリーハーツクラブバンド,ビートルズバンド,1
125,ビートルズソウル,ビートルズマジカルミステリーツアー,0
125,ビートルズプリーズプリーズミー,ビートルズバンドとメンバーについて,1
125,ビートルズ映像作品集,ビートルズ演奏旅行中止以降の来歴,0
125,ビートルズソウル,ビートルズ演奏旅行中止以降の来歴,0
125,ビートルズソウル,ビートルズ画像,1
125,ビートルズプリーズプリーズミー,ビートルズディスコグラフィー,0
125,ビートルズソウル,ビートルズデビュー以降の来歴,1
125,ビートルズ来歴,ビートルズプリーズプリーズミー,1
125,ビートルズサージェントペパーズロンリーハーツクラブバンド,ビートルズのコピーバンド,1
126,ボーカロイド3人目,ボーカロイドとはヤマハ,1
126,初音ミク鏡音リンレンボーカロイド,ボーカロイド鏡音リン鏡音レン,0
126,ボーカロイドガイドブック,ボーカロイド殿堂入り,1
126,ボーカロイドがくっぽいど,ボーカロイドルカ,1
126,初音ミク鏡音リンレンボーカロイド,ボーカロイド人気,1
126,ボーカロイド2オフィシャルガイドブック,初音ミクボーカロイド2オフィシャルガイドブック,1
126,ボーカロイドユキ,ボーカロイド画像,1
126,ボーカロイド3人目,動画ボーカロイド,0
126,ボーカロイド鏡音リン鏡音レン,ボーカロイド鏡音リン,0
126,ボーカロイド3人目,ボーカロイド初音ミク,0
126,ボーカロイド3人目,ボーカロイドsweetann,1
126,ボーカロイド 動画,ボーカロイド 動画 画像,1
126,ボーカロイドlily,ボーカロイド亜種,1
126,ボーカロイドテル,ボーカロイド鏡音レン,0
126,ボーカロイドガイドブック,ボーカロイド未来,0
126,ボーカロイドがくっぽいど,ボーカロイドgackpoidがく,0
126,ボーカロイド 動画,ボーカロイド 動画 Wiki,1
126,ボーカロイド2オフィシャルガイドブック,ボーカロイドボカロカラオケ,0
126,ボーカロイドテル,ボーカロイド氷山キヨテル,1
126,ボーカロイドの派生キャラクター,ボーカロイド氷山キヨテル,1
126,初音ミク鏡音リンレンボーカロイド,巡音ルカボーカロイドたち,0
126,ボーカロイド ミク,ボーカロイド ミク マンガ,1
126,ボーカロイドユキ,ボーカロイドランキング,1
126,ボーカロイド 動画,ボーカロイド 動画 動画,0
126,ボーカロイドlily,ボーカロイド鏡音レン,0
126,ボーカロイド鏡音リン鏡音レン,ボーカロイド鏡音リン鏡音レン紹介,1
126,ボーカロイドテル,ボーカロイド系,0
126,ボーカロイドガイドブック,初音ミクボーカロイド2オフィシャルガイドブック,1
126,ボーカロイドテル,ボーカロイド超ベスト,0
126,ボーカロイドガイドブック,ボーカロイド仕様,0
126,ボーカロイドがくっぽいど,歌声合成ソフトウェアvocaloidボーカロイド,1
126,ボーカロイドlily,ボーカロイド歌愛ユキ,0
126,ボーカロイド3人目,ボーカロイド系,0
126,ボーカロイドlily,ボーカロイドの派生キャラクター,1
126,ボーカロイドガイドブック,ボーカロイドイラスト,1
126,ボーカロイド ミク,ボーカロイド ミク 初音,0
126,ボーカロイドlily,ボーカロイド０３発表,0
126,ボーカロイド ミク,ボーカロイド ミク 歌詞,1
126,ボーカロイド ミク,ボーカロイド ミク イラスト,1
126,ボーカロイドガイドブック,ボーカロイドkaito,1
126,ボーカロイド ミク,ボーカロイド ミク 置場,1
126,ボーカロイドがくっぽいど,ボーカロイドkaito,0
126,ボーカロイドユキ,ボーカロイドの派生キャラクター,1
126,ボーカロイド2オフィシャルガイドブック,ボーカロイド歌謡祭,0
126,ボーカロイドlily,ボーカロイドボカロ年賀状,0
126,ボーカロイドがくっぽいど,初音ミクボーカロイド2オフィシャルガイドブック,0
126,ボーカロイド2オフィシャルガイドブック,動画ボーカロイド,0
126,ボーカロイド ミク,ボーカロイド ミク ゲーム,1
126,ボーカロイドの派生キャラクター,ボーカロイド一覧,1
126,ボーカロイド2オフィシャルガイドブック,動画ボーカロイド咲音,0
126,ボーカロイドテル,ボーカロイド第3弾,0
126,ボーカロイドlily,ボーカロイドボカロランキング,1
126,ボーカロイド3人目,初音ミク鏡音リンレンに続くボーカロイド第３弾,0
126,ボーカロイド3人目,系ボーカロイド3人目,0
126,初音ミク鏡音リンレンボーカロイド,ボーカロイドの歌,1
126,ボーカロイドユキ,ボーカロイドボカロ年賀状,0
126,ボーカロイドがくっぽいど,ボーカロイド殿堂入り,1
126,ボーカロイドlily,ボーカロイドボカロ画像,1
126,ボーカロイド鏡音リン鏡音レン,歌声合成ソフトウェアvocaloidボーカロイド,0
126,ボーカロイド2オフィシャルガイドブック,ボーカロイドsweetann,0
126,ボーカロイドがくっぽいど,巡音ルカボーカロイドたち,0
126,ボーカロイドの派生キャラクター,ボーカロイド人気,1
126,ボーカロイド3人目,ボーカロイドの歌詞,0
126,ボーカロイドユキ,ボーカロイドボカロランキング,1
126,ボーカロイド鏡音リン鏡音レン,ボーカロイドボカロおすすめ,0
126,ボーカロイドがくっぽいど,系ボーカロイド3人目,0
126,ボーカロイドlily,初音ミク鏡音リンレンボーカロイドを楽しもうcdrom付,0
126,ボーカロイド2オフィシャルガイドブック,ボーカロイド重音,0
126,ボーカロイドユキ,ボーカロイド歌愛ユキ,1
126,ボーカロイド鏡音リン鏡音レン,ボーカロイド殿堂入り,1
126,ボーカロイドガイドブック,ボーカロイド初音ミク,1
126,ボーカロイドがくっぽいど,初音ミク鏡音リンレンに続くボーカロイド第３弾,0
126,ボーカロイドの派生キャラクター,巡音ルカボーカロイドたち,0
126,ボーカロイドlily,ボーカロイドlily紹介,1
126,ボーカロイドがくっぽいど,ボーカロイドがくっぽいど紹介,1
126,ボーカロイド ミク,ボーカロイド ミク 長財布,1
126,ボーカロイド2オフィシャルガイドブック,ボーカロイドとは,0
126,ボーカロイドの派生キャラクター,ボーカロイドの派生キャラクター紹介,1
126,ボーカロイド鏡音リン鏡音レン,ボーカロイドボカロ歌詞,1
126,ボーカロイドがくっぽいど,ボーカロイド巡音ルカ,0
126,ボーカロイドがくっぽいど,動画ボーカロイド咲音,0
126,ボーカロイド ミク,ボーカロイド ミク ソフト,1
126,ボーカロイドがくっぽいど,ボーカロイド鏡音リン,0
126,ボーカロイドテル,ボーカロイドボカロキャラ,0
126,ボーカロイド3人目,歌声合成ソフトウェアvocaloidボーカロイド,1
126,ボーカロイド2オフィシャルガイドブック,ボーカロイドボカロとは,0
126,ボーカロイド2オフィシャルガイドブック,ボーカロイドボカロ曲,1
126,ボーカロイド3人目,ボーカロイドルカ,1
126,初音ミク鏡音リンレンボーカロイド,ボーカロイド氷山キヨテル,0
126,ボーカロイド鏡音リン鏡音レン,ボーカロイドsweetann,1
126,ボーカロイド2オフィシャルガイドブック,ボーカロイド初音ミク,1
126,初音ミク鏡音リンレンボーカロイド,ボーカロイド鏡音レン,1
126,ボーカロイド ミク,ボーカロイド ミク ミク,0
126,初音ミク鏡音リンレンボーカロイド,ボーカロイドkaito,0
126,ボーカロイド2オフィシャルガイドブック,ボーカロイドの歌詞,1
126,ボーカロイド 初心者,ボーカロイド 初心者 初心者,0
126,ボーカロイドがくっぽいど,ボーカロイド重音,0
126,ボーカロイドの派生キャラクター,ボーカロイドの歌,0
126,ボーカロイドlily,ボーカロイドランキング,1
126,ボーカロイドlily,ボーカロイド画像,1
126,ボーカロイド 診断,ボーカロイド 診断 診断,0
126,ボーカロイドユキ,ボーカロイドボカロ画像,1
126,ボーカロイドlily,ボーカロイド一覧,1
126,ボーカロイド 動画,ボーカロイド 動画 meets,1
126,ボーカロイドlily,ボーカロイド鏡音リン鏡音レン,0
126,ボーカロイドがくっぽいど,ボーカロイド第3弾,0
126,ボーカロイドユキ,初音ミク鏡音リンレンボーカロイドを楽しもうcdrom付,0
126,ボーカロイド 動画,ボーカロイド 動画 ほか,0
126,ボーカロイドlily,ボーカロイドテーマ,1
127,年賀状桜屋うし,コム年賀状喪中はがき印刷サイト,0
127,年賀状桜屋うし,簡単年賀状作成,1
127,年賀状桜屋うし,年賀状はがき,1
127,年賀状ソフトフリー,年賀状処分,0
127,年賀状 印刷,年賀状 印刷 素材,1
127,年賀状 無料,年賀状 無料 文字,1
127,年賀状印刷サイト,写真年賀状,1
127,年賀状の書き方,年賀状コメント,1
127,余った年賀状,年賀状コンテスト,0
127,年賀状桜屋うし,年賀状無料デザイン,1
127,年賀状桜屋うし,年賀状の豆知識,0
127,余った年賀状,年賀状の豆知識,1
127,イラスト無料年賀状,簡単年賀状作成,1
127,年賀状無料デザイン,年の年賀状作成,0
127,年賀状一言,年賀状コンテスト,0
127,年賀状無料デザイン,無料年賀状素材,1
127,年賀状無料デザイン,赤ずきんちゃんの年賀状,1
127,年賀状の書き方,年賀状書き損じ,0
127,年賀状の書き方,喪中の年賀状,1
127,年賀状無料デザイン,年賀状イラスト集,1
127,年賀状ご注文方法,年賀状イラスト集,0
127,年賀状 サッカー,年賀状 サッカー サッカー,0
127,年賀状ソフトフリー,イラスト無料年賀状素材,1
127,年賀状フリー,年賀状はがき,0
127,年賀状フリー,商業用業務用年賀状データ,1
127,年賀状ソフトフリー,年賀状コメント,1
127,年賀状ご注文方法,年賀状はがき,1
127,年賀状ご注文方法,イラスト無料年賀状素材,0
127,年賀状の書き方,年賀状ソフトフリー,0
127,年賀状 印刷,年賀状 印刷 報告,0
127,年賀状ソフトフリー,赤ずきんちゃんの年賀状,0
127,年賀状 写真,年賀状 写真 おしゃれ,1
127,年賀状 無料,年賀状 無料 テンプレート,1
127,年賀状印刷サイト,年賀状ご注文方法,1
127,年賀状の書き方,年賀状コンテスト,0
127,年賀状ご注文方法,牛の年賀状無料素材,0
127,年賀状の書き方,年賀状ご注文方法,0
127,年賀状の書き方,年賀状文例,1
127,年賀状宝くじ,郵便局年賀状,1
127,年賀状印刷サイト,年賀状2014郵便局,0
127,年賀状桜屋うし,年賀状コンテスト,0
127,年賀状桜屋うし,年賀状2014無料イラスト,1
127,余った年賀状,赤ずきんちゃんの年賀状,0
127,余った年賀状,年賀状png版,0
127,年賀状 無料,年賀状 無料 写真,1
127,年賀状印刷サイト,郵便局年賀状,0
127,年賀状 無料,年賀状 無料 干支,1
127,年賀状 写真,年賀状 写真 展示,1
127,年賀状ソフトフリー,コム年賀状喪中はがき印刷サイト,1
127,年賀状無料デザイン,年賀状の豆知識,0
127,年賀状 写真,年賀状 写真 2013年,1
127,イラスト無料年賀状,年賀状特集,1
127,年賀状桜屋うし,年賀状2014無料テンプレート,1
127,年賀状宝くじ,年賀状2014無料写真フレーム,0
127,年賀状宝くじ,年賀状png版,0
127,年賀状の書き方,年賀状年賀はがき,0
127,年賀状桜屋うし,年賀状png版,1
127,年賀状の書き方,郵便局年賀状,0
127,年賀状 印刷,年賀状 印刷 はがき,1
127,年賀状 印刷,年賀状 印刷 イラスト,1
127,年賀状 印刷,年賀状 印刷 印刷,0
127,年賀状一言,年賀状書き損じ,0
127,年賀状ソフトフリー,無料年賀状テンプレート,1
127,年賀状宝くじ,年賀状の書き方,0
127,年賀状宝くじ,年年賀状当選番号,1
127,年賀状ソフトフリー,年賀状イラスト,1
127,年賀状無料デザイン,年賀状の書き方,0
127,年賀状印刷サイト,2013年賀状当選番号,0
127,年賀状宝くじ,年賀状無料デザイン,0
127,年賀状 写真,年賀状 写真 巳年,1
127,年賀状宝くじ,年賀状宝くじ紹介,1
127,年賀状宝くじ,2013年賀状当選番号,1
127,余った年賀状,年賀状イラスト集,0
127,年賀状ソフトフリー,喪中の年賀状年賀はがき,1
127,余った年賀状,年賀状デザイン,0
127,イラスト無料年賀状,年賀状2014無料写真フレーム,1
127,年賀状一言,年賀状の豆知識,1
127,年賀状ソフトフリー,年賀状2014無料テンプレート,1
127,年賀状 無料,年賀状 無料 フリー,0
127,年賀状 印刷,年賀状 印刷 無料,1
127,年賀状桜屋うし,年賀状デザイン,1
127,年賀状の書き方,年賀状文例集,1
127,年賀状フリー,年賀状素材,1
127,イラスト無料年賀状,年賀状2014無料テンプレート,1
127,年賀状無料デザイン,年賀状2014無料,0
127,年賀状宝くじ,年賀状2014郵便局,1
127,年賀状宝くじ,年賀状デザイン,0
127,余った年賀状,年の年賀状作成,0
127,年賀状無料デザイン,特殊年賀状,0
127,年賀状の書き方,年賀状上司,1
127,年賀状 印刷,年賀状 印刷 似顔絵,1
127,年賀状無料デザイン,年賀状イラスト,1
127,年賀状印刷サイト,年賀状書き損じ,0
127,年賀状宝くじ,牛の年賀状無料素材,0
127,年賀状桜屋うし,年賀状特集,1
127,年賀状 無料,年賀状 無料 2014年,1
127,年賀状 無料,年賀状 無料 無料,0
127,年賀状一言,年賀状上司,1
127,年賀状ご注文方法,赤ずきんちゃんの年賀状,0
127,年賀状の書き方,2013年賀状当選番号,0
127,年賀状無料デザイン,牛の年賀状無料素材,1
127,年賀状印刷サイト,年賀状コメント,0
127,年賀状フリー,年賀状作成,1
127,年賀状一言,年賀状一言紹介,1
127,年賀状一言,年賀状文例集,1
127,イラスト無料年賀状,無料年賀状テンプレート,1
127,年賀状ソフトフリー,年賀状2014無料イラスト,1
127,年賀状ご注文方法,年賀状の書き方,0
127,年賀状ソフトフリー,余った年賀状,0
127,年賀状フリー,年賀状無料素材牛,1
127,年賀状 写真,年賀状 写真 店内,0
127,年賀状 写真,年賀状 写真 コンテスト,1
127,年賀状桜屋うし,年の年賀状作成,1
127,年賀状ご注文方法,年年賀状当選番号,0
127,年賀状 無料,年賀状 無料 素材,1
127,年賀状 印刷,年賀状 印刷 2014年,1
127,年賀状桜屋うし,喪中の年賀状年賀はがき,0
127,年賀状フリー,簡単年賀状作成,1
127,イラスト無料年賀状,年賀状桜屋うし,1
127,年賀状無料デザイン,年賀状2014無料イラスト,1
127,年賀状 印刷,年賀状 印刷 デザイン,1
127,年賀状の書き方,年賀状一言,1
127,年賀状ご注文方法,特殊年賀状,0
127,余った年賀状,年賀状無料デザイン,0
127,余った年賀状,コム年賀状喪中はがき印刷サイト,0
127,年賀状 印刷,年賀状 印刷 テンプレート,1
127,年賀状ソフトフリー,年賀状png版,1
127,年賀状一言,年賀状文例,1
127,年賀状の書き方,年賀状2014郵便局,0
127,年賀状 写真,年賀状 写真 博物館,1
127,年賀状ご注文方法,無料年賀状素材,0
127,年賀状宝くじ,年賀状ソフトフリー,0
127,年賀状桜屋うし,無料年賀状テンプレート,1
127,年賀状 写真,年賀状 写真 写真,0
127,年賀状 無料,年賀状 無料 イラスト,1
127,年賀状無料デザイン,年賀状挨拶文,1
127,イラスト無料年賀状,写真年賀状,0
128,うつ病の治し方,冬季うつ病,1
128,社会におけるうつ病,うつ病の原因,1
128,うつ病は完治,うつ病の定義,0
128,うつ病 症状,うつ病 症状 原因,1
128,うつ病の人への接し方,うつ病薬,0
128,社会におけるうつ病,子供のうつ病うつ病,0
128,うつ病は完治,うつ病薬,1
128,うつ病 障害,うつ病 障害 こころ,1
128,うつ病仕事探し,うつ病仕事探し紹介,1
128,うつ病統計,うつ病の分類,1
128,うつ病 症状,うつ病 症状 接す,1
128,うつ病 症状,うつ病 症状 うつ,0
128,うつ病の人への接し方,うつ病の人への接し方紹介,0
128,うつ病 障害,うつ病 障害 診断,1
128,うつ病の人への接し方,うつ病になりやすい人,0
128,うつ病 症状,うつ病 症状 家族,1
128,うつ病 障害,うつ病 障害 不安,1
128,うつ病統計,子供のうつ病うつ病,0
128,うつ病 治療,うつ病 治療 けいれん,1
128,社会におけるうつ病,うつ病疫学統計,1
128,うつ病は完治,新型うつ病,0
128,うつ病の人への接し方,うつ病の薬物療法,0
128,うつ病の人への接し方,うつ病の定義,0
128,社会におけるうつ病,老人性うつ病,0
128,うつ病統計,うつ病とは,0
128,社会におけるうつ病,冬季うつ病,0
128,うつ病の治し方,うつ病患者,1
128,うつ病仕事探し,うつ病の原因,0
128,うつ病予後,社会におけるうつ病,1
128,うつ病仕事探し,うつ病を克服,0
128,うつ病病態,老人性うつ病,1
128,うつ病予後,うつ病の治し方,1
128,うつ病統計,うつ病のタイプ,1
128,うつ病は完治,うつ病分類,0
128,うつ病の治し方,うつ病接し方,0
128,うつ病は完治,うつ病は完治紹介,1
128,うつ病 治療,うつ病 治療 療法,0
128,うつ病 症状,うつ病 症状 新型,1
128,うつ病の治し方,うつ病芸能人,0
128,うつ病予後,最近のうつ病のトピックス,0
128,うつ病 障害,うつ病 障害 克服,1
128,うつ病 症状,うつ病 症状 治療,1
128,うつ病は完治,子供のうつ病を治す治療法遊戯療法,0
128,うつ病 治療,うつ病 治療 気分,1
128,うつ病病態,うつ病診療科医療機関,1
128,うつ病統計,仮面うつ病,0
128,うつ病 障害,うつ病 障害 病院,1
128,うつ病予後,うつ病診断,0
128,うつ病 障害,うつ病 障害 鬱病,0
128,うつ病の人への接し方,うつ病は完治,0
128,うつ病予後,うつ病芸能人,0
128,うつ病予後,うつ病仕事探し,1
128,うつ病病態,内因性うつ病,1
128,うつ病仕事探し,最近のうつ病のトピックス,0
128,うつ病は完治,うつ病うつ症状,0
128,うつ病 症状,うつ病 症状 症状,0
128,うつ病予後,うつ病原因,0
128,社会におけるうつ病,うつ病予防,1
128,うつ病 症状,うつ病 症状 病気,0
128,うつ病 障害,うつ病 障害 心療内科,1
128,うつ病 障害,うつ病 障害 原因,1
128,うつ病仕事探し,うつ病病態,0
128,うつ病予後,うつ病は誰にでも起こる可能性,0
128,うつ病の治し方,うつ病患者さん,0
128,うつ病は完治,うつ病になりやすい人,0
128,うつ病統計,うつ病克服,0
128,うつ病病態,うつ病チェック,1
128,うつ病の治し方,うつ病の治し方紹介,0
128,うつ病予後,うつ病の症状,0
128,うつ病病態,うつ病の家族,1
128,うつ病の治し方,うつ病日記,0
128,うつ病の人への接し方,非定型うつ病,1
128,うつ病の人への接し方,新型うつ病,1
128,うつ病仕事探し,うつ病接し方,0
128,うつ病仕事探し,うつ病克服体験記,1
128,うつ病仕事探し,うつ病の症状,0
128,うつ病の人への接し方,うつ病対策,0
128,社会におけるうつ病,うつ病チェック,1
128,うつ病仕事探し,夫がうつ病の状況時,1
128,うつ病統計,うつ病診断,0
128,うつ病仕事探し,うつ病は誰にでも起こる可能性,0
128,うつ病は完治,うつ病の症状,1
128,うつ病予後,うつ病の原因,1
128,うつ病統計,うつ病疫学統計,1
128,うつ病 治療,うつ病 治療 治療,0
128,うつ病病態,うつ病病態紹介,1
128,うつ病仕事探し,うつ病克服,1
128,うつ病は完治,うつ病の人への接し方,0
128,社会におけるうつ病,うつ病の家族,0
128,うつ病統計,うつ病原因,1
128,うつ病予後,うつ病予後紹介,1
128,うつ病仕事探し,うつ病のタイプ,0
128,うつ病 障害,うつ病 障害 障害,0
128,うつ病の治し方,うつ病うつ症状,1
128,うつ病 治療,うつ病 治療 催眠,0
128,うつ病仕事探し,社会におけるうつ病,1
128,うつ病仕事探し,うつ病予後,1
128,うつ病 障害,うつ病 障害 症状,1
128,うつ病 治療,うつ病 治療 状態,1
128,うつ病の人への接し方,子供のうつ病を治す治療法遊戯療法,0
128,うつ病 治療,うつ病 治療 変調性,1
128,うつ病 症状,うつ病 症状 克服,1
128,うつ病仕事探し,内因性うつ病,1
128,うつ病病態,うつ病チェック方法,1
128,うつ病予後,うつ病診療科医療機関,1
128,社会におけるうつ病,社会におけるうつ病紹介,0
128,うつ病 治療,うつ病 治療 慢性,1
128,うつ病統計,うつ病分類,0
129,サムスン流儀,サムスン画像,0
129,サムスンジャパン,サムスン撤退,1
129,サムスン 電子,サムスン 電子 信託,1
129,サムスン流儀,サムスン電子,0
129,サムスン 電子,サムスン 電子 1313,1
129,サムスン流儀,サムスン年収,1
129,サムスン流儀,サムスン電子ジャパン,0
129,サムスンジャパン,アップルサムスン,1
129,サムスン SSD,サムスン SSD SSD,0
129,サムスン株価,サムスン株価紹介,0
129,サムスン株価,サムスン液晶テレビ,0
129,サムスンは1938年,サムスン株価,0
129,アップルサムスン,サムスン型番,0
129,サムスン 電子,サムスン 電子 KODEX,1
129,サムスンは1938年,サムスンsyncmaster20型,0
129,サムスンジャパン,サムスン株主構成,1
129,アップルサムスン,アップルサムスン紹介,1
129,サムスン株価,サムスン17型液晶,0
129,サムスン 電子,サムスン 電子 指数,0
129,サムスンジャパン,サムスン型番,0
129,アップルサムスン,サムスン撤退,1
129,サムスンは1938年,サムスン横浜研究所,0
129,サムスン 企業,サムスン 企業 就活,1
129,サムスンは1938年,サムスン画像,0
129,サムスンは1938年,サムスン物産,0
129,サムスン SSD,サムスン SSD 840,1
129,サムスン流儀,サムスン株価,0
129,サムスン株価,サムスン赤字,1
129,サムスンジャパン,サムスンモニター,1
129,サムスン 訴訟,サムスン 訴訟 訴訟,0
129,サムスン流儀,サムスンモニター,0
129,サムスンは1938年,サムスン電子,0
129,サムスン 電子,サムスン 電子 Yahoo,1
129,サムスン SSD,サムスン SSD 高速化,1
129,サムスンの昔,韓国サムスン電子,0
129,サムスン 電子,サムスン 電子 投資,1
129,サムスン流儀,韓国サムスン電子,0
129,サムスン流儀,サムスン式仕事の流儀,1
129,サムスン 電子,サムスン 電子 スマホ,1
129,サムスンジャパン,サムスン物産,1
129,サムスンの昔,サムスンの昔紹介,0
129,サムスンジャパン,サムスン生命,1
129,サムスンは1938年,サムスン式仕事の流儀,0
129,サムスン 電子,サムスン 電子 上場,1
129,サムスン流儀,サムスンsyncmaster20型,0
129,サムスン 訴訟,サムスン 訴訟 勝訴,1
129,サムスンジャパン,サムスンダイレクト,1
129,サムスン流儀,サムスン物産,0
129,サムスンの昔,サムスンは1938年,0
129,サムスンは1938年,サムスンモニター,0
129,サムスン流儀,サムスン19型ワイド液晶モニター,0
129,サムスン 電子,サムスン 電子 電子,0
129,サムスン 訴訟,サムスン 訴訟 特許,1
129,サムスン流儀,サムスン横浜研究所,0
130,政府公認５つ星のタイ 特産,タイ 特産の漬物,1
130,南部タイ 特産,タイ 特産物産地直送品,1
130,タイ 特産の漬物,勧めのタイ 特産,1
130,政府公認５つ星のタイ 特産,タイ 特産洋蘭,1
130,タイ 特産みやげ,タイ 特産タイみやげ,0
130,タイ 特産みやげ,タイ 特産タイお土産雑貨,1
130,タイ 特産みやげ,楽天市場タイ 特産,0
130,タイ 特産 お土産,タイ 特産 お土産 プーケット,1
130,政府公認５つ星のタイ 特産,政府公認５つ星のタイ 特産紹介,0
130,タイ 特産タイ土産,政府公認５つ星のタイ 特産,0
130,タイ 特産の漬物,楽天市場タイ 特産,1
130,南部タイ 特産,タイ 特産品通販,1
130,南部タイ 特産,タイ 特産物名産品おみやげ,1
130,タイ 特産みやげ,厳選されたタイ 特産名産グルメ,1
130,タイ 特産の漬物,タイ 特産品通販,1
130,タイ 特産みやげ,タイ 特産名産グルメ,1
130,タイ 特産みやげ,食市場タイ 特産品名産品,0
130,タイ 特産みやげ,タイ 特産品ショップ,1
130,南部タイ 特産,南部タイ 特産紹介,1
130,政府公認５つ星のタイ 特産,タイ 特産としてお得,0
130,タイ 特産 お土産,タイ 特産 お土産 通販,1
130,タイ 特産みやげ,タイ 特産物名産品おみやげ,0
130,タイ 特産タイ土産,タイ 特産タイ土産紹介,0
130,タイ 特産 お土産,タイ 特産 お土産 お土産,0
130,政府公認５つ星のタイ 特産,タイ 特産タイ土産,0
130,タイ 特産みやげ,タイ 特産タイお土産人気,1
130,タイ 特産タイ土産,タイ 特産洋蘭,1
130,南部タイ 特産,南部タイ 特産素材,1
130,タイ 特産みやげ,政府公認５つ星のタイ 特産,0
130,タイ 特産 お土産,タイ 特産 お土産 土産,0
130,タイ 特産 お土産,タイ 特産 お土産 お勧め,1
130,タイ 特産の漬物,タイ 特産の漬物紹介,0
130,タイ 特産 お土産,タイ 特産 お土産 おみやげ,0
130,タイ 特産タイ土産,タイ 特産品研究会,1
130,タイ 特産タイ土産,楽天市場タイ 特産,1
131,檜浴槽,浴槽木風呂,0
131,浴槽簡易シャワー,浴槽外側,0
131,浴槽 介護,浴槽 介護 製造,1
131,ジャクソン浴槽,温水浴槽,1
131,ホーロー浴槽,浴槽シャワー,0
131,inax人造大理石浴槽,浴槽サイズ別一覧,1
131,ジャクソン浴槽,パナソニック浴槽,0
131,浴槽簡易シャワー,浴槽青い汚れ,0
131,檜浴槽,木製浴槽販売,1
131,ジャクソン浴槽,イナックス浴槽,0
131,ジャクソン浴槽,ジャクソン浴槽紹介,1
131,ジャクソン浴槽,浴槽inax,0
131,浴槽簡易シャワー,浴槽手すり,1
131,浴槽簡易シャワー,浴槽の高さ,0
131,浴槽 カビ,浴槽 カビ 下部,1
131,inax人造大理石浴槽,toto人造大理石浴槽,0
131,inax人造大理石浴槽,大型浴槽,1
131,浴槽簡易シャワー,浴槽サイズ,0
131,浴槽簡易シャワー,浴槽掃除,1
131,浴槽 塗装,浴槽 塗装 塗装,0
131,浴槽大理石,浴槽コーティング,1
131,ホーロー浴槽,ステンレス浴槽,0
131,浴槽大理石,浴槽台踏み台バスチェア,0
131,ホーロー浴槽,浴槽の高さ,1
131,toto人造大理石浴槽,ポリ浴槽,1
131,inax人造大理石浴槽,inax人造大理石浴槽紹介,1
131,toto人造大理石浴槽,浴槽toto,0
131,inax人造大理石浴槽,檜浴槽,0
131,inax人造大理石浴槽,浴槽木風呂,0
131,檜浴槽,木製浴槽,1
131,浴槽 カビ,浴槽 カビ クリーニング,1
131,浴槽簡易シャワー,浴槽エプロン,0
131,浴槽簡易シャワー,浴槽リフォーム,0
131,浴槽簡易シャワー,人造大理石浴槽,0
131,toto人造大理石浴槽,浴槽サイズ,1
131,浴槽 介護,浴槽 介護 御影石調,1
131,檜浴槽,檜浴槽紹介,1
131,ホーロー浴槽,浴槽メーカー,1
131,ホーロー浴槽,介護浴槽,1
131,浴槽 カビ,浴槽 カビ お手入れ,1
131,ホーロー浴槽,浴槽コーティング,1
131,toto人造大理石浴槽,浴槽木風呂,0
131,toto人造大理石浴槽,大型浴槽,0
131,浴槽大理石,ホーロー浴槽,0
131,inax人造大理石浴槽,ポリ浴槽,1
131,浴槽大理石,浴槽一体型,1
131,inax人造大理石浴槽,魔法びん浴槽,0
131,浴槽 介護,浴槽 介護 介護,0
131,浴槽簡易シャワー,浴槽の底,0
131,ジャクソン浴槽,特注frp浴槽,0
131,ジャクソン浴槽,魔法瓶浴槽,0
131,浴槽 塗装,浴槽 塗装 コーティング,1
131,浴槽 カビ,浴槽 カビ お掃除,1
131,浴槽 介護,浴槽 介護 修理,1
131,toto人造大理石浴槽,浴槽サイズ別一覧,1
131,浴槽 塗装,浴槽 塗装 リグレーズ,1
131,浴槽 カビ,浴槽 カビ 掃除,1
131,檜浴槽,浴槽と洗い場,0
131,inax人造大理石浴槽,浴槽サイズ,1
131,檜浴槽,浴槽を設置,1
131,ホーロー浴槽,浴槽の底,0
131,toto人造大理石浴槽,inax人造大理石浴槽,0
131,浴槽簡易シャワー,浴槽への出入り,0
131,檜浴槽,風呂釜浴槽,0
131,浴槽大理石,人造大理石浴槽,1
131,浴槽簡易シャワー,浴槽台踏み台,0
131,浴槽 塗装,浴槽 塗装 補修,1
131,ジャクソン浴槽,浴槽水垢,0
131,浴槽 塗装,浴槽 塗装 修理,1
131,ホーロー浴槽,浴槽価格,1
131,浴槽大理石,シャイントーン浴槽,0
131,浴槽大理石,温水浴槽,0
131,toto人造大理石浴槽,toto人造大理石浴槽紹介,1
131,ジャクソン浴槽,浴槽湯垢,0
131,浴槽 カビ,浴槽 カビ カビ,0
131,toto人造大理石浴槽,檜浴槽,0
131,浴槽 介護,浴槽 介護 介護用,0
131,浴槽 介護,浴槽 介護 ホームページ,0
131,ホーロー浴槽,浴槽エプロン,0
131,檜浴槽,浴槽内寸,1
131,浴槽簡易シャワー,簡易浴槽簡易シャワー,0
131,浴槽簡易シャワー,浴槽エプロン外し方,0
131,檜浴槽,木製浴槽見積もり依頼書,1
131,inax人造大理石浴槽,浴槽toto,0
131,ホーロー浴槽,ホーロー浴槽紹介,1
131,浴槽簡易シャワー,簡易浴槽,0
131,toto人造大理石浴槽,魔法びん浴槽,0
132,ハンガーゲームdvdラベル,ハンガーゲームドラマ,0
132,ハンガーゲームdvdラベル,ハンガーゲーム2ネタバレ,0
132,ハンガーゲームdvdラベル,ハンガーゲームサントラ,0
132,ハンガーゲーム作品情報,ハンガーゲーム2ネタバレ,1
132,ハンガーゲーム感想,ハンガーゲームおもちゃ,0
132,ハンガーゲーム作品情報,ハンガーゲーム作品情報紹介,0
132,ハンガーゲーム評価,ハンガーゲーム評価紹介,0
132,ハンガーゲーム 映画,ハンガーゲーム 映画 無料,1
132,ハンガーゲームラベル,ハンガーゲームストーリー,0
132,ハンガーゲーム作品情報,ハンガーゲーム特集,1
132,ハンガーゲームdvdラベル,ハンガーゲームdvdラベル紹介,1
132,ハンガーゲームdvdラベル,ハンガーゲームパクリ,0
132,ハンガーゲーム イオン,ハンガーゲーム イオン イオン,0
132,ハンガーゲームサントラ,ハンガーゲームおもちゃ,0
132,ハンガーゲームラベル,ハンガーゲーム遊び,0
132,ハンガーゲームラベル,ハンガーゲーム映画,1
132,ハンガーゲームdvdラベル,ハンガーゲームアニメ,0
132,ハンガーゲーム評価,ハンガーゲーム動画,0
132,ハンガーゲーム 映画,ハンガーゲーム 映画 The,0
132,ハンガーゲーム作品情報,ハンガーゲームハンガー?ゲーム2,1
132,ハンガーゲーム作品情報,ハンガーゲームニーナジェイコブソンジョンキリク,1
132,ハンガーゲームラベル,ハンガーゲームアニメ,0
132,ハンガーゲーム 映画,ハンガーゲーム 映画 燃え広がる,1
132,ハンガーゲーム レンタル,ハンガーゲーム レンタル 宅配,1
132,ハンガーゲーム評価,ハンガーゲーム特集,1
132,ハンガーゲームラベル,ハンガーゲーム感想,0
132,ハンガーゲーム レンタル,ハンガーゲーム レンタル 吹替え,1
132,ハンガーゲームあらすじ,ハンガーゲーム動画,0
132,ハンガーゲーム 映画,ハンガーゲーム 映画 2上,0
132,ハンガーゲーム DVD,ハンガーゲーム DVD TSUTAYA,1
132,ハンガーゲームdvdラベル,ハンガーゲーム2,1
132,ハンガーゲーム作品情報,ハンガーゲームストーリー,1
132,ハンガーゲーム作品情報,ハンガーゲーム3,1
132,ハンガーゲームサントラ,ハンガーゲームハンガー?ゲーム2,1
132,ハンガーゲームdvdラベル,ハンガーゲームハンガー?ゲーム2,1
132,ハンガーゲーム 映画,ハンガーゲーム 映画 Yahoo,1
132,ハンガーゲーム レンタル,ハンガーゲーム レンタル 神谷浩史ら,0
132,ハンガーゲーム 映画,ハンガーゲーム 映画 通信,0
132,ハンガーゲーム作品情報,ハンガーゲーム2,1
132,ハンガーゲームdvdラベル,ハンガーゲームおもちゃ,0
132,ハンガーゲーム レンタル,ハンガーゲーム レンタル レンタル,0
132,ハンガーゲーム感想,ハンガーゲーム感想紹介,0
132,ハンガーゲームあらすじ,ハンガーゲーム評価,0
132,ハンガーゲームサントラ,ハンガーゲーム予告,0
132,ハンガーゲームサントラ,ハンガーゲーム2ネタバレ,0
132,ハンガーゲーム 映画,ハンガーゲーム 映画 GyaO,1
132,ハンガーゲームサントラ,ハンガーゲーム3ネタバレ,0
132,ハンガーゲーム作品情報,ハンガーゲームニュース,0
132,ハンガーゲームdvdラベル,ハンガーゲームあらすじ,0
132,ハンガーゲーム作品情報,ハンガーゲームアニメ,1
132,ハンガーゲーム DVD,ハンガーゲーム DVD 09,0
132,ハンガーゲーム DVD,ハンガーゲーム DVD DABA,1
132,ハンガーゲーム評価,ハンガーゲームニュース,0
132,ハンガーゲーム 映画,ハンガーゲーム 映画 主演,1
132,ハンガーゲーム 映画,ハンガーゲーム 映画 映画,0
132,ハンガーゲームdvdラベル,ハンガーゲーム予告,0
132,ハンガーゲーム作品情報,ハンガーゲームあらすじ,1
132,ハンガーゲームdvdラベル,ハンガーゲーム音楽,0
132,ハンガーゲームサントラ,ハンガーゲームサントラ紹介,1
132,ハンガーゲームサントラ,ハンガーゲームあらすじ,0
132,ハンガーゲームサントラ,ハンガーゲーム2,1
132,ハンガーゲーム評価,ハンガーゲーム作品情報,1
132,ハンガーゲーム作品情報,ハンガーゲーム3ネタバレ,1
132,ハンガーゲームラベル,ハンガーゲーム音楽,0
132,ハンガーゲーム DVD,ハンガーゲーム DVD DVD,0
132,ハンガーゲーム 映画,ハンガーゲーム 映画 シネマッシモ,1
132,ハンガーゲームサントラ,ハンガーゲーム3,1
132,ハンガーゲームdvdラベル,ハンガーゲーム映画,1
133,ショーメ結婚指輪,結婚指輪トルコ石,1
133,結婚指輪トルコ石,結婚指輪婚約指輪婚約指輪,0
133,結婚指輪安い,結婚指輪婚約指輪選びブルガリ,0
133,結婚指輪 オーダー,結婚指輪 オーダー 福岡,1
133,結婚指輪素材,結婚指輪デザイン,1
133,結婚指輪 オーダー,結婚指輪 オーダー ジュエリー,1
133,結婚指輪安い,結婚指輪安い紹介,1
133,結婚指輪の石,結婚指輪のサイズ,0
133,太陽の結婚指輪,結婚指輪相場,0
133,ショーメ結婚指輪,結婚指輪婚約指輪選びブルガリ,0
133,結婚指輪の石,婚約結婚指輪,0
133,結婚指輪福岡,結婚指輪値段,0
133,上戸彩結婚指輪,結婚指輪セットリング,0
133,結婚指輪安い,ショーメ結婚指輪,0
133,結婚指輪トルコ石,結婚指輪婚約指輪,0
133,太陽の結婚指輪,婚約結婚指輪,0
133,結婚指輪の石,結婚指輪ブランド,1
133,結婚指輪の石,結婚指輪婚約指輪婚約指輪,0
133,結婚指輪婚約指輪選び,ミキモト結婚指輪,1
133,結婚指輪の石,結婚指輪ダイヤ,1
133,結婚指輪婚約指輪選び,結婚指輪イエローゴールド,0
133,結婚指輪素材,結婚指輪素材紹介,1
133,太陽の結婚指輪,結婚指輪トルコ石,0
133,上戸彩結婚指輪,結婚指輪指,0
133,結婚指輪 オーダー,結婚指輪 オーダー マリッジリング,1
133,上戸彩結婚指輪,結婚指輪値段,0
133,結婚指輪エタニティリング,カルティエ結婚指輪,0
133,結婚指輪の石,結婚指輪婚約指輪福岡宝石店,0
133,ショーメ結婚指輪,結婚指輪の石,1
133,結婚指輪エタニティリング,結婚指輪婚約指輪福岡宝石店,0
133,結婚指輪安い,ブルガリ結婚指輪,0
133,太陽の結婚指輪,婚約指輪結婚指輪違い,0
133,結婚指輪の石,結婚指輪ランキング,1
133,結婚指輪トルコ石,結婚指輪相場,1
133,結婚指輪素材,結婚指輪人気,1
133,上戸彩結婚指輪,結婚指輪の相場2013,0
133,結婚指輪 オーダー,結婚指輪 オーダー オーダー,0
133,結婚指輪の石,結婚指輪の石紹介,1
133,結婚指輪 オーダー,結婚指輪 オーダー リフォーム,1
133,結婚指輪 手作り,結婚指輪 手作り 作る,0
133,結婚指輪 手作り,結婚指輪 手作り 想い,0
133,結婚指輪婚約指輪選び,結婚指輪相場,1
133,上戸彩結婚指輪,上戸彩結婚指輪紹介,1
133,太陽の結婚指輪,結婚指輪のサイズ表,0
133,結婚指輪 手作り,結婚指輪 手作り 工房,1
133,結婚指輪トルコ石,結婚指輪婚約指輪選び,1
133,結婚指輪トルコ石,結婚指輪婚約指輪選びブルガリ,0
133,結婚指輪婚約指輪選び,結婚指輪婚約指輪選びブルガリ,1
133,ショーメ結婚指輪,結婚指輪ランキング,1
133,上戸彩結婚指輪,結婚指輪ダイヤ,0
133,ショーメ結婚指輪,ショーメ結婚指輪紹介,1
133,上戸彩結婚指輪,ハリーウィンストン結婚指輪,0
133,結婚指輪の石,結婚指輪プラチナ,1
133,結婚指輪福岡,結婚指輪の選び方値段店,1
133,結婚指輪素材,結婚指輪の選び方値段店,1
133,上戸彩結婚指輪,ミキモト結婚指輪,0
133,結婚指輪の石,結婚指輪素材,1
133,結婚指輪 手作り,結婚指輪 手作り 福岡市,1
133,結婚指輪の石,結婚指輪デザイン,1
133,ショーメ結婚指輪,結婚指輪プライバシーポリシー,0
133,上戸彩結婚指輪,結婚指輪プラチナ,0
133,上戸彩結婚指輪,カルティエ結婚指輪,0
133,結婚指輪トルコ石,婚約指輪結婚指輪違い,0
133,ショーメ結婚指輪,結婚指輪イエローゴールド,1
133,結婚指輪 オーダー,結婚指輪 オーダー ハワイアン,0
133,結婚指輪婚約指輪選び,結婚指輪ホワイトゴールド,1
133,結婚指輪安い,結婚指輪ランキング,1
133,結婚指輪福岡,結婚指輪安い,1
133,結婚指輪 オーダー,結婚指輪 オーダー 宝石,1
133,上戸彩結婚指輪,結婚指輪のサイズ,0
133,結婚指輪エタニティリング,結婚指輪ダイヤ,1
133,結婚指輪福岡,結婚指輪店,1
133,ショーメ結婚指輪,ブルガリ結婚指輪,0
133,太陽の結婚指輪,太陽の結婚指輪紹介,0
133,結婚指輪福岡,結婚指輪サイズ直し,0
133,ショーメ結婚指輪,結婚指輪の相場2013,1
133,結婚指輪エタニティリング,結婚指輪費用,1
133,結婚指輪素材,結婚指輪プラチナ,1
133,結婚指輪素材,結婚指輪サイズ直し,0
133,太陽の結婚指輪,結婚指輪婚約指輪選び,0
133,結婚指輪 オーダー,結婚指輪 オーダー メイド,1
133,結婚指輪エタニティリング,結婚指輪おすすめ,1
133,結婚指輪福岡,結婚指輪の購入,1
133,結婚指輪エタニティリング,太陽の結婚指輪,0
133,結婚指輪の石,結婚指輪人気ランキング,1
133,結婚指輪エタニティリング,結婚指輪エタニティリング紹介,0
133,上戸彩結婚指輪,結婚指輪ホワイトゴールド,0
133,太陽の結婚指輪,結婚指輪婚約指輪,0
133,結婚指輪の石,結婚指輪プライバシーポリシー,0
133,結婚指輪安い,結婚指輪人気ランキング2013,1
133,結婚指輪トルコ石,結婚指輪婚約指輪エンゲージリング,0
133,ショーメ結婚指輪,結婚指輪人気ランキング2013,1
133,結婚指輪福岡,芸能人結婚指輪,0
133,上戸彩結婚指輪,アーカー結婚指輪,0
133,結婚指輪の石,結婚指輪のサイズ表,0
133,結婚指輪 相場,結婚指輪 相場 失敗,1
133,結婚指輪安い,結婚指輪店,1
133,結婚指輪福岡,ミキモト結婚指輪,0
133,結婚指輪 オーダー,結婚指輪 オーダー 専門店,1
133,結婚指輪の石,結婚指輪指,0
133,結婚指輪福岡,結婚指輪素材,0
133,結婚指輪トルコ石,結婚指輪指,0
133,結婚指輪婚約指輪選び,結婚指輪の相場2013,1
133,結婚指輪安い,結婚指輪イエローゴールド,0
133,ショーメ結婚指輪,結婚指輪相場,1
133,結婚指輪エタニティリング,結婚指輪オーダー,1
133,上戸彩結婚指輪,結婚指輪ピンクゴールド,0
133,ショーメ結婚指輪,婚約指輪結婚指輪違い,0
133,結婚指輪婚約指輪選び,ショーメ結婚指輪,1
133,結婚指輪 相場,結婚指輪 相場 万円,0
133,結婚指輪の石,結婚指輪サイズ直し,0
133,上戸彩結婚指輪,ブシュロン結婚指輪,0
133,ショーメ結婚指輪,結婚指輪ホワイトゴールド,1
133,結婚指輪 相場,結婚指輪 相場 相場,0
133,結婚指輪婚約指輪選び,結婚指輪人気ランキング2013,1
133,結婚指輪エタニティリング,結婚指輪のサイズ表,1
133,結婚指輪福岡,結婚指輪プライバシーポリシー,0
133,結婚指輪エタニティリング,ティファニー結婚指輪,1
133,結婚指輪 相場,結婚指輪 相場 BRILLIANCE,1
133,結婚指輪 手作り,結婚指輪 手作り 東京,1
133,結婚指輪 手作り,結婚指輪 手作り 手作り,0
133,ショーメ結婚指輪,婚約結婚指輪,1
133,ショーメ結婚指輪,結婚指輪安い,0
133,結婚指輪の石,結婚指輪人気,1
133,結婚指輪婚約指輪選び,結婚指輪トルコ石,1
133,上戸彩結婚指輪,結婚指輪文字,0
133,太陽の結婚指輪,結婚指輪婚約指輪エンゲージリング,0
133,結婚指輪素材,結婚指輪ブランド,1
133,結婚指輪安い,芸能人結婚指輪,0
133,太陽の結婚指輪,結婚指輪婚約指輪婚約指輪,0
133,ショーメ結婚指輪,芸能人結婚指輪,0
133,結婚指輪婚約指輪選び,婚約指輪結婚指輪違い,1
133,結婚指輪トルコ石,婚約結婚指輪,0
134,科学雑誌サイエンティフィック?アメリカン,サイエンティフィック?アメリカンscientificamerican日本語,1
134,科学雑誌サイエンティフィック?アメリカン,サイエンティフィック?アメリカンscientificamerican購読,1
134,科学雑誌サイエンティフィック?アメリカン,科学雑誌サイエンティフィック?アメリカン紹介,1
134,科学雑誌サイエンティフィック?アメリカン,サイエンティフィック?アメリカンscientificamerican購入,1
134,科学雑誌サイエンティフィック?アメリカン,サイエンティフィック?アメリカンscientificamerican定期購読,1
