0051,ipad iphone,4,apple_company
0051,ipod iphone,20,apple_company
0051,apple botanical information,40,apple_botanical
0051,apple commercial,19,apple_company
0051,apple inc.,10,apple_company
0051,apple iphone 3g,20,apple_company
0051,apple varieties of apples,20,apple_company
0051,apple walmart,20,apple_company
0051,cashew apple,10,apple_botanical
0051,reviews macbook,20,apple_company
0051,apple news,22,apple_company
0051,apple company,29,apple_company
0051,apple vacations,40,apple_company
0051,apple corps,10,apple_company
0051,macbook review,10,apple_company
0051,macbook software,10,apple_company
0051,apple free,9,apple_botanical
0051,apple aspects,20,apple_company
0051,apple valley,30,apple_botanical
0051,apple tv,31,apple_company
0051,apple stock price,43,apple_company
0051,apple new,21,apple_company
0051,apple support,10,apple_company
0051,apple tree,6,apple_botanical
0051,apple games,8,apple_company
0051,apple store,10,apple_company
0051,apple bank,5,apple_company
0051,apple festival,7,apple_botanical
0051,apple cultivars,20,apple_botanical
0051,apple iphone,51,apple_company
0051,apple adam blossom brandy apples,10,apple_botanical
0051,fruit ipod,20,apple_company
0051,apple apples,10,apple_botanical
0051,apple cider,8,apple_botanical
0051,apple products price,4,apple_company
0051,apple ipod shuffle macbook ipod touch macbook pro,10,apple_company
0051,apple nokia blackberry sony samsung,10,apple_company
0051,apple 3g,20,apple_company
0051,apple iphone ipad apple tv ipod,10,apple_company
0051,apple fruit,29,apple_botanical
0051,apple cake pie cobbler butter,10,apple_botanical
0051,apple controversy,20,apple_company
0051,oak apple,1,apple_botanical
0052,cathedrals medieval,2,cathedral_architecture
0052,national cathedral,22,cathedral_architecture
0052,giving cathedrals functions,10,cathedral_religion
0052,cathedral peter,9,cathedral_info
0052,cathedral grounds,20,cathedral_architecture
0052,cathedral medieval cathedrals,20,cathedral_architecture
0052,architecture of the medieval cathedrals of england,10,cathedral_architecture
0052,cathedral ca city,10,cathedral_info
0052,savior cathedral,20,cathedral_religion
0052,interior of the cathedral,20,cathedral_info
0052,cathedral band,1,cathedral_info
0052,giving cathedrals,10,cathedral_religion
0052,cathedral cologne,10,cathedral_architecture
0052,cathedral dean additional clergy relationship of chapter and bishop treasurer,6,irrelevant
0052,work of the cathedral,20,cathedral_info
0052,cathedral of our lady of the angels,24,irrelevant
0052,cathedral giving tuesday annual giving faith in the future planned giving,10,irrelevant
0052,medieval cathedrals,1,cathedral_architecture
0052,cathedral national,10,cathedral_architecture
0052,cathedral inside,20,cathedral_architecture
0052,cathedral,40,irrelevant
0052,cathedral saint,16,cathedral_architecture
0052,cathedral high school,30,cathedral_info
0052,cathedral crystal,19,cathedral_architecture
0052,cathedral game,1,cathedral_info
0052,cathedral school crystal,10,cathedral_info
0052,cathedral short story,21,cathedral_info
0052,cathedral sunday saturday 8 00 am days,10,cathedral_info
0052,cathedral canterbury,29,cathedral_architecture
0052,cathedral opens every day,20,cathedral_info
0052,paul 's cathedral,20,cathedral_architecture
0052,gothic cathedral,37,cathedral_architecture
0052,cathedral school,18,cathedral_info
0052,cathedral baptism confirmation holy orders eucharist,10,cathedral_info
0052,architecture of cathedrals and great churches,10,cathedral_architecture
0052,cathedral raymond carver summary,2,cathedral_info
0052,cathedral philadelphia,5,cathedral_architecture
0052,cathedral carver raymond,7,cathedral_architecture
0052,cathedral raymond carver,68,cathedral_architecture
0052,patrick 's cathedral,20,cathedral_architecture
0052,cathedral st carver,6,cathedral_info
0052,cathedral definition cathedral buildings references and sources history and organisation,5,irrelevant
0052,cathedral trinity,8,cathedral_architecture
0052,cathedrals medieval references,10,cathedral_info
0053,eclipse november,22,eclipse_astronomy
0053,solar eclipse,32,eclipse_astronomy
0053,nasa eclipse,17,eclipse_astronomy
0053,eclipse planet,10,eclipse_astronomy
0053,eclipse plugin,6,eclipse_software
0053,eclipse the movie,17,eclipse_movie
0053,eclipse spyder,20,eclipse_automobile
0053,eclipse exceed overshadow transcend outshine,10,eclipse_astronomy
0053,eclipse solar,8,eclipse_astronomy
0053,alias eclipse,3,eclipse_software
0053,eclipse stars,20,eclipse_astronomy
0053,eclipse java,34,eclipse_software
0053,friends of eclipse,20,eclipse_astronomy
0053,eclipse software,24,eclipse_software
0053,eclipse astronomy,25,eclipse_astronomy
0053,eclipse yacht,60,eclipse_automobile
0053,eclipse automobile,30,eclipse_automobile
0053,eclipse,10,irrelevant
0053,mitsubishi eclipse,10,eclipse_automobile
0053,eclipse tutorial,20,eclipse_software
0053,eclipse (software),10,eclipse_software
0053,eclipse partial total annular solar,10,eclipse_astronomy
0053,eclipse of 2000 jan,20,eclipse_astronomy
0053,eclipse gt,20,eclipse_automobile
0053,eclipse bella swan edward cullen jacob black riley,10,eclipse_movie
0053,eclipse player,22,eclipse_movie
0053,eclipse (meyer novel),10,eclipse_movie
0053,eclipse download,10,eclipse_software
0053,eclipse eclipses,7,irrelevant
0053,eclipse 2013,10,eclipse_astronomy
0053,eclipse home,9,eclipse_software
0053,eclipse mitsubishi,25,eclipse_automobile
0053,nasa eclipse 2013,17,eclipse_astronomy
0053,eclipse twilight breaking dawn new moon the short second life of bree tanner,10,eclipse_movie
0053,eclipse kristen stewart robert pattinson taylor lautner ashley greene,10,eclipse_movie
0053,eclipse twilight,9,eclipse_movie
0053,eclipse project,7,eclipse_movie
0053,eclipse 2013 lunar,17,eclipse_astronomy
0053,ui in eclipse,19,irrelevant
0053,eclipse lunar,30,eclipse_astronomy
0054,fas fasc fascia fasa fasab,10,fas_acronym
0054,fas quote,10,fas_company
0054,individuals with fas,20,fas_syndrome
0054,fas assets,20,fas_company
0054,fas syndrome,10,fas_syndrome
0054,fas alcohol,9,fas_syndrome
0054,fas foreign agricultural service,10,fas_acronym
0054,fas fetal alcohol syndrome foreign agricultural service free alongside ship federation of american scientists,10,fas_acronym
0054,fas signs,20,fas_syndrome
0054,fascinate usda/fas,7,fas_acronym
0054,fas prognosis,20,fas_syndrome
0054,fas ligand,40,fas_syndrome
0054,fas agricultural,5,fas_acronym
0054,fas account,9,fas_company
0054,fas stocks etfs bonds commodities,10,fas_company
0054,fascinate fascia,8,fas_syndrome
0054,"inc. chico's fas,",1,fas_company
0054,fas accounting,18,fas_company
0054,sage fas,27,fas_company
0054,fas,26,irrelevant
0054,fas receptor,10,fas_syndrome
0054,fas windows,3,fas_software
0054,fas cd95,20,fas_syndrome
0054,fas employees,20,fas_company
0054,fas investing news markets video,10,fas_company
0054,fas book,21,fas_book
0054,fas harvard,4,fas_harvard
0054,fascia fascinate,15,fas_syndrome
0054,fas ireland,22,fas_company
0054,fas symptom,10,fas_syndrome
0054,fas fetal alcohol syndrome,20,fas_syndrome
0054,fas personal finance,40,fas_company
0054,fas software,44,fas_software
0054,fas federation of american scientists,10,fas_harvard
0054,fas job,10,fas_company
0054,fas free african society,4,fas_harvard
0054,fas fixed,7,fas_company
0054,fas course,10,fas_company
0054,fas mart street,40,fas_company
0054,fas facebook twitter youtube google,10,fas_company
0055,flesh gordon,47,flesh_literature
0055,flesh wounds,40,flesh_body
0055,tattoos in the flesh,20,flesh_body
0055,flesh arabic bulgarian czech danish,10,flesh_information
0055,flesh twitter youtube facebook instagram,6,flesh_literature
0055,spirit against the flesh,20,flesh_religion
0055,flesh,28,irrelevant
0055,flesh n bone,21,flesh_literature
0055,flesh (theology),6,flesh_religion
0055,flesh the enmity,20,flesh_religion
0055,flesh blood spirit,4,flesh_religion
0055,flesh devil,10,flesh_religion
0055,flesh in the bible,24,flesh_religion
0055,flesh eating bacteria,6,flesh_body
0055,flesh wiki,10,flesh_information
0055,flesh (mycology),3,flesh_information
0055,disease flesh-eating,25,flesh_body
0055,flesh of birds,20,flesh_religion
0055,flesh (novel),1,flesh_literature
0055,flesh eating,20,flesh_body
0055,flesh and blood fly out side,10,flesh_body
0055,flesh bacteria eat,10,flesh_body
0055,flesh lyrics,6,flesh_literature
0055,flesh spirit,9,flesh_religion
0055,flesh free,9,flesh_religion
0055,flesh eating bone,20,flesh_body
0055,flesh color,9,flesh_body
0055,flesh vimeo,2,flesh_literature
0055,law but with the flesh,20,flesh_literature
0055,flesh (comics),4,flesh_literature
0055,flesh in the and blood wound put flesh on,10,flesh_body
0055,flesh (1968 film),6,flesh_literature
0055,devil in the flesh,20,flesh_religion
0055,flesh eat,10,flesh_body
0055,flesh bacteria,20,flesh_body
0055,partakers of flesh,20,flesh_religion
0055,flesh club,22,flesh_club
0055,flesh blood,10,flesh_literature
0055,flesh fly,16,flesh_fly
0055,flesh and drinks,20,flesh_religion
0055,flesh flesh and blood flemish flense flesh fly,10,flesh_body
0055,flesh flesh-eating disease,20,flesh_body
0056,ir spectrum,63,ir_infrared radiation
0056,ir injured reserve list,1,ir_football
0056,ir led 420tvl waterproof good cctv,40,ir_infrared radiation
0056,ir ir pointer ir  ira iquitos,10,ir_infrared radiation
0056,iridium,7,ir_chemistry
0056,ir ingersoll rand,10,ir_ingersoll rand
0056,day night ir,20,irrelevant
0056,ir ionizing radiation,10,ir_ionizing radiation
0056,iranian ir.,9,ir_country
0056,ir international relation,10,ir_country
0056,ir iran,8,ir_country
0056,ireland ir.,12,ir_country
0056,ir investor relation,1,ir_investor relation
0056,ir extender,38,ir_infrared radiation
0056,ireland iranian,8,ir_country
0056,ir investor,9,irrelevant
0056,ir interest rate,30,ir_interest rate
0056,ir indian railways,23,ir_indian railways
0056,ir equipment,11,ir_infrared radiation
0056,ir relation,10,ir_country
0056,bus 5832 ir,40,irrelevant
0056,sony cctv ccd 48 ir,40,ir_infrared radiation
0056,rod 64 ir,20,ir_infrared radiation
0056,ir incident report,10,ir_incident report
0056,ir international relations,28,ir_international relations
0056,ir 26 sep,20,ir_infrared radiation
0056,ir definition and relationship to the electromagnetic spectrum applications earth as an infrared emitter history of infrared science,7,irrelevant
0056,ir 420tvl,20,ir_infrared radiation
0056,ir arabic bulgarian french german,10,ir_languages
0056,ir voy vas vamos van,8,ir_languages
0056,ir institutional,4,ir_institutional research
0056,ir railway,10,ir_indian railways
0056,ir spanish,5,ir_languages
0056,ir infrared iran information retrieval international relations,10,irrelevant
0056,ir free,8,ir_website
0056,irs where s my refund,1,irrelevant
0056,iranian,22,ir_languages
0057,lost with crew,40,lost_series
0057,lost rumours,10,lost_blog
0057,lost site,10,lost_site
0057,lost (2004 film),2,lost_movie
0057,lost theories,22,lost_blog
0057,sawyer from lost,21,lost_series
0057,lost (2001 tv series),2,lost_series
0057,lost online watch,3,lost_series
0057,lost episode,10,lost_series
0057,lost girl,10,lost_series
0057,lost crew,20,lost_series
0057,lost actress,27,lost_series
0057,lost movie are,4,lost_movie
0057,lost (stargate universe),2,lost_series
0057,lost spoilers,40,lost_series
0057,lost characters episodes,10,lost_series
0057,lost characters,30,lost_series
0057,lost season,36,lost_series
0057,lost actress raymonde,10,lost_series
0057,lost season 1 season 4 season 2 season 3,9,lost_series
0057,all is lost movie,2,lost_movie
0057,lost the end what they died for across the sea the candidate,10,lost_series
0057,lost (tv series),10,lost_series
0057,lost sayid jarrah james sawyer ford jack shephard kate austen,10,lost_series
0057,lost the globe,20,lost_series
0057,lost episodes,3,lost_series
0057,lost episode guide,20,lost_series
0057,lost coats,40,lost_property
0057,lost property,6,lost_property
0057,lost are arguments,3,lost_series
0057,lost camo,40,lost_camo
0057,lost flickr,2,lost_blog
0057,lost home,10,lost_property
0057,lost (1956 film),1,lost_movie
0057,lost cinema,29,lost_movie
0057,lost ending,2,lost_series
0057,lost tv show,16,lost_series
0057,lost jack kate hurley locke,10,lost_series
0057,lost music,21,lost_music
0057,lost matthew fox evangeline lilly naveen andrews josh holloway,10,lost_series
0057,lost expedition franklin's,20,lost_expedition
0057,lost evangeline lilly,20,lost_series
0057,lost space,10,lost_series
0058,shrew comedy,26,shrew_literature
0058,shrew definition,32,shrew_information
0058,shrew woman,1,irrelevant
0058,shrew taming,10,shrew_literature
0058,source for the taming of the shrew,40,shrew_literature
0058,shrew with novell client,20,shrew_software
0058,shrew tame,10,shrew_literature
0058,shrew kingdom phylum class order,10,shrew_animal
0058,shrew ron,2,shrew_archery
0058,shrew picture,7,shrew_animal
0058,treeshrew shrewish,20,shrew_animal
0058,shrew vpn,14,shrew_software
0058,shrew soft client,20,shrew_software
0058,shrew control,7,shrew_animal
0058,shrew phylum,20,shrew_animal
0058,shrew short-tailed american,20,shrew_animal
0058,shrew shrews,10,shrew_animal
0058,shrew subphylum vertebrata class mammalia family soricidae  order soricomorpha,5,shrew_animal
0058,treeshrew,1,shrew_animal
0058,shrew diet,20,shrew_animal
0058,shrew animal,25,shrew_animal
0058,shrew house,15,shrew_animal
0058,west indies shrew,1,shrew_animal
0058,rascal knock upon your gate shrew,28,shrew_literature
0058,shrew taming southern,8,shrew_literature
0058,shrew lenny,20,shrew_software
0058,shrew harpy termagant virago fury,10,shrew_animal
0058,killer shrews,22,shrew_literature
0058,shrew rodent,40,shrew_animal
0058,shrew petruchio gremio hortensio tranio,10,shrew_literature
0058,shrew a comedy,20,shrew_literature
0058,shrew vpn house,10,shrew_software
0058,otter shrew,1,shrew_animal
0058,shrews tailed,20,shrew_animal
0058,shrew killer,6,shrew_literature
0058,elephant shrew,7,shrew_animal
0058,shrew the issue,20,shrew_software
0058,shrew crocidura paracrocidura diplomesodon feroculus,10,shrew_animal
0058,shrew,10,irrelevant
0058,shrew in house,52,shrew_animal
0058,shrew elephant,30,shrew_animal
0059,symmetry online,20,symmetry_game
0059,symmetry rotation reflection translation scaling,7,symmetry_math
0059,symmetry mathematics spontaneous,20,symmetry_math
0059,symmetry radial bilateral spherical types of,10,symmetry_science
0059,symmetry portfolios,19,symmetry_business
0059,symmetry math,17,symmetry_math
0059,symmetry means objects,18,symmetry_math
0059,symmetry axis,10,symmetry_math
0059,symmetry definition,56,symmetry_difinition
0059,symmetry that we would expect children,18,symmetry_math
0059,symmetry partners,22,symmetry_business
0059,symmetry symonds symons sympathectomy sympathetic,10,symmetry_math
0059,t-'symmetry fraction,10,symmetry_math
0059,symmetry acupuncture,1,symmetry_medical
0059,symmetry nutritional,2,symmetry_business
0059,symmetry with respect to the passage of as a as an aspect of through geometric,6,symmetry_difinition
0059,symmetry university,9,symmetry_university
0059,symmetries t-'symmetry,10,symmetry_science
0059,symmetry line,5,symmetry_math
0059,symmetry mathematics lines,7,symmetry_math
0059,symmetry geometry algebra addition calculus,10,symmetry_math
0059,symmetry and pattern,18,symmetry_math
0059,radial 'symmetry,36,symmetry_math
0059,symmetry of the law,20,symmetry_math
0059,symmetry in biology,10,symmetry_science
0059,symmetry (physics),10,symmetry_science
0059,symmetry spontaneous breaking,3,symmetry_math
0059,symmetry examples types,6,symmetry_math
0059,pictures have reflectional 'symmetry,20,symmetry_difinition
0059,symmetry (physical attractiveness),10,symmetry_science
0059,symmetry transformation,20,symmetry_math
0059,t-'symmetry calculus,10,symmetry_math
0059,symmetry games,22,symmetry_game
0059,symmetry chaos,20,symmetry_art
0059,symmetry,28,irrelevant
0059,symmetry dictionary,6,symmetry_difinition
0059,symmetry icosahedral,10,symmetry_math
0059,symmetry art,10,symmetry_art
0059,symmetry (band),4,symmetry_art
0059,symmetry mathematics physical,2,symmetry_science
0059,symmetry biology lines,2,symmetry_science
0059,symmetry medical,22,symmetry_medical
0059,symmetry in mathematics,30,symmetry_math
0059,symmetry worksheets,46,symmetry_math
0060,the presidents of the united states of america list,1,the presidents of the united states of america_history
0060,list of the presidents of the united states of america,10,the presidents of the united states of america_history
0060,the presidents of the united states of america george washington,30,the presidents of the united states of america_history
0060,the presidents of the united states of america map,6,the presidents of the united states of america_history
0060,the presidents of the united states of america powers and duties,1,the presidents of the united states of america_duties
0060,the presidents of the united states of america peach,1,the presidents of the united states of america_politics
0060,the presidents of the united states of america timeline of presidents,1,the presidents of the united states of america_history
0060,peaches by the presidents of the united states of america,61,the presidents of the united states of america_politics
0060,the presidents of the united states of america history,7,the presidents of the united states of america_history
0060,the presidents of the united states of america presidents,10,the presidents of the united states of america_history
0060,the presidents of the united states of america politics,30,the presidents of the united states of america_politics
0060,the presidents of the united states of america lump,1,the presidents of the united states of america_music
0060,united presidents states,23,irrelevant
0060,the presidents of the united states of america picture,1,the presidents of the united states of america_picture
0060,the presidents of the united states of america these are the good times people,20,irrelevant
0060,the presidents of the united states of america wyoming,10,the presidents of the united states of america_history
0060,the presidents of the united states of america notes,1,the presidents of the united states of america_politics
0060,the presidents of the united states of america album,1,the presidents of the united states of america_picture
0060,the presidents of the united states of america airline,10,the presidents of the united states of america_airline
0060,the presidents of the united states of america seal,3,the presidents of the united states of america_history
0060,all the presidents of the united states of america,26,irrelevant
0060,the presidents of the united states of america band,44,the presidents of the united states of america_music
0060,the presidents of the united states of america maine pilgrimage,20,the presidents of the united states of america_history
0060,the presidents of the united states of america in congress,10,the presidents of the united states of america_politics
0060,the presidents of the united states of america compensation,1,the presidents of the united states of america_politics
0060,presidents of the united states,24,the presidents of the united states of america_history
0060,the presidents of the united states of america nevada history,10,the presidents of the united states of america_history
0060,the presidents of the united states of america president,10,the presidents of the united states of america_history
0060,the presidents of the united states of america contents,1,the presidents of the united states of america_history
0060,the presidents of the united states of america texas insurance,20,the presidents of the united states of america_history
0060,the presidents of the united states of america florida train,20,the presidents of the united states of america_history
0060,president united states america,31,the presidents of the united states of america_history
0061,windows 2013,20,windows_operating system
0061,windows software,29,windows_software
0061,windows 8 framework,5,windows_software
0061,windows upgrade,6,windows_operating system
0061,windows installer,20,windows_operating system
0061,windows (film),2,windows_film
0061,how to use windows,21,windows_operating system
0061,windows 8 books,20,windows_software
0061,windows media player,22,windows_software
0061,windows microsoft,10,windows_operating system
0061,decwindows,2,windows_software
0061,windows 8 7,10,windows_operating system
0061,windows update,10,windows_operating system
0061,windows vista xp,40,windows_operating system
0061,openwindows,10,windows_house
0061,windows live messenger,40,windows_software
0061,8 windows download,4,windows_operating system
0061,windows nymgo,1,windows_software
0061,microsoft windows,10,windows_operating system
0061,windows news how to video phones,8,windows_operating system
0061,windows downloads,5,windows_operating system
0061,windows house,30,windows_house
0061,windows 95 98 me 7 help,10,windows_operating system
0061,milgard windows,23,windows_software
0061,windows 2000 active directory,20,windows_software
0061,windows replacement,38,windows_operating system
0061,windows 7 upgrade,27,windows_operating system
0061,windows 7,32,windows_operating system
0061,windows xp,56,windows_operating system
0061,windows 7 8 xp vista,10,windows_operating system
0061,windows audacity,2,windows_software
0061,windows (musical group),2,windows_musical group
0061,windows double hung awning casement single hung,10,irrelevant
0061,windows facebook google pinterest twitter,7,windows_website
0061,windows 8,10,windows_operating system
0061,windows live,26,windows_software
0062,prophets modern claims,10,prophet_religion
0062,prophet and his family,20,prophet_religion
0062,prophet band,21,prophet_music
0062,prophet bible,17,prophet_religion
0062,the prophet (book),5,prophet_religion
0062,prophet net,8,irrelevant
0062,prophet todd hall,23,irrelevant
0062,prophet biblical,3,prophet_religion
0062,prophets book muhammad,20,prophet_religion
0062,property prophetess,6,prophet_religion
0062,prophet free,9,irrelevant
0062,prophet bethel gilgal gibeah jericho,6,prophet_religion
0062,prophet islam,6,prophet_religion
0062,prophet life muhammad,6,prophet_religion
0062,prophet (comics),10,prophet_comics
0062,prophet of the bible,10,prophet_religion
0062,prophet muhammad,46,prophet_religion
0062,prophet yusuf,10,prophet_religion
0062,prophet,30,irrelevant
0062,prophet dragon,10,irrelevant
0062,prophet jonah,10,prophet_religion
0062,prophets prophetic modern,10,prophet_religion
0062,elizabeth clare prophet,10,prophet_religion
0062,prophet isaiah hosea amos micah,10,prophet_religion
0062,david prophet,1,prophet_religion
0062,prophet ascended to the heaven,20,prophet_religion
0062,prophet augur diviner prophesier forecaster,10,prophet_religion
0062,prophetic ministries,1,irrelevant
0062,prophet prophecy prophesy prophetess property developer,10,prophet_religion
0062,prophet malachi,20,prophet_religion
0062,prophet obadiah,40,prophet_religion
0062,prophet manasseh jordan,3,prophet_religion
0062,prophets property book,10,prophet_religion
0062,prophet isaiah,52,prophet_religion
0062,prophetess property,6,prophet_religion
0062,prophet comic,40,prophet_comics
0062,prophet christianity judaism islam apologetics,10,prophet_religion
0062,prophet story,10,prophet_religion
0062,description given by the prophet,20,prophet_religion
0062,chuck prophet,10,prophet_music
0062,prophet ibrahim,48,prophet_religion
0062,man came to the prophet,10,prophet_religion
0062,prophet sales,18,irrelevant
0063,gold price,10,gold_price
0063,gold characteristics,10,gold_characteristics
0063,goldsmith alchemy,30,gold_company
0063,gold miner,60,gold_company
0063,live gold prices,51,gold_price
0063,reasons to own gold,20,gold_facts
0063,gold white,10,gold_characteristics
0063,gold weight,9,gold_characteristics
0063,gold coin,10,gold_characteristics
0063,gold jewelry,20,gold_company
0063,gold california,8,gold_company
0063,cash for gold,37,gold_price
0063,gold facts,20,gold_facts
0063,gold melting point atomic number boiling point atomic mass,10,gold_characteristics
0063,gold,30,irrelevant
0063,gold contents,3,gold_characteristics
0063,gold cultural history,10,gold_facts
0063,silver 1mm or gold,20,gold_characteristics
0063,gold price today,7,gold_price
0063,golden yellow,5,gold_characteristics
0063,gold element,42,gold_characteristics
0063,gold rush,20,gold_price
0063,gold diamonds,20,gold_characteristics
0063,gold coins,6,gold_characteristics
0063,gold production,7,gold_company
0063,gold bioremediation,1,gold_company
0063,golden atomic,10,gold_characteristics
0063,gold silver platinum palladium actinium,10,gold_characteristics
0063,gold standard,26,gold_characteristics
0063,gold monetary exchange industry electronics commercial chemistry,8,gold_company
0063,gold price rush,20,gold_price
0063,gold minecraft,20,gold_company
0063,gold silver copper aluminum nickel,10,gold_characteristics
0063,gold bear,20,gold_company
0063,how much gold is worth,22,gold_price
0063,gold color luster streak cleavage,10,gold_characteristics
0063,gold prices,20,gold_price
0064,rainbow owl,20,irrelevant
0064,owl baby,20,owl_animal
0064,owl purdue,8,owl_education
0064,owl western screech,40,owl_animal
0064,fraternal order of owls,4,owl_animal
0064,owl northern hawk,20,owl_animal
0064,owl anatomy use as rodent control symbolism and mythology conservation issues,9,owl_animal
0064,owl long-eared,30,owl_animal
0064,owl tattoo,10,owl_tattoo
0064,owl fact,10,owl_animal
0064,owl Owls,10,owl_animal
0064,the owl club,8,owl_animal
0064,owl scops eurasian,5,owl_animal
0064,owl flight and feathers beak camouflage talons,6,owl_animal
0064,owl flammulated,20,owl_animal
0064,owl barn great horned barred burrowing,10,owl_animal
0064,owl owls,9,owl_animal
0064,great horned owl,21,owl_animal
0064,owl gray,17,owl_animal
0064,owl barred,7,owl_animal
0064,owl horned,16,owl_animal
0064,owl,28,irrelevant
0064,owl scops,10,owl_animal
0064,owl cengage,5,owl_education
0064,owl barn owl bird of prey barred owl owling,10,owl_animal
0064,owl long eared,20,owl_animal
0064,owl bird,35,owl_animal
0064,owl burrowing,10,owl_animal
0064,elf owl,21,owl_animal
0064,owl all about owls,20,owl_animal
0064,all about owls,1,owl_animal
0064,owl chemistry,1,owl_education
0064,owl (winnie the pooh),10,owl_animal
0064,owl barn,10,owl_animal
0064,owl birds amphibians mammals insects spiders,10,owl_animal
0064,owl limitations,20,owl_education
0064,owl city,32,owl_music
0064,origami owl,58,owl_company
0064,owl wiki,5,irrelevant
0064,owl writing,4,owl_education
0064,owl origami,10,owl_company
0064,owl pictures,7,owl_animal
0065,adobe training,7,adobe_company
0065,adobe photoshop illustrator indesign creative cloud,10,adobe_company
0065,adobe desk,10,adobe_company
0065,adobe web experience management,10,adobe_company
0065,adobe targeting,10,adobe_company
0065,adobe update,27,adobe_software
0065,adobe reader download,8,adobe_software
0065,adobe flash player,8,adobe_software
0065,adobe for saleadobe cs4 master,10,adobe_software
0065,adobe design software reviews,10,adobe_software
0065,adobe codes,10,adobe_company
0065,adobe product trials adobe reader adobe air adobe flash player,10,adobe_software
0065,adobe calendar template software indesign,10,adobe_software
0065,adobe softonic,3,adobe_company
0065,adobe house,10,adobe_architecture
0065,adobe cs3 educational software,10,adobe_company
0065,adobe illustrator,10,adobe_software
0065,adobe material properties,2,adobe_material
0065,adobe social marketing,10,adobe_service
0065,adobe groups,3,adobe_company
0065,adobe trial software,10,adobe_software
0065,adobe premiere,31,adobe_software
0065,adobe photoshop,8,adobe_software
0065,adobe air,22,adobe_service
0065,adobe acrobat acrobat com echosign all products,10,adobe_software
0065,adobe acrobat,40,adobe_software
0065,adobe contents,1,adobe_company
0065,adobe bookmarks,20,adobe_software
0065,adobe building,9,adobe_software
0065,adobe reader,61,adobe_software
0065,adobe contribute academic software,10,adobe_software
0065,adobe flash,26,adobe_software
0065,adobe shockwave,10,adobe_software
0065,adobe java,10,adobe_software
0065,adobe flash construction,5,adobe_software
0065,adobe photoshop dreamweaver flash adobe captivate,10,adobe_software
0065,adobe indesign trial software,20,adobe_software
0065,adobe director,10,adobe_software
0065,adobe acrobat help desk,30,adobe_software
0065,adobe digital analytics web experience management digital publishing social marketing,10,adobe_service
0065,adobe adobe roof,5,adobe_architecture
0065,adobe composition,6,irrelevant
0065,adobe company,27,adobe_company
0065,adobe material,27,adobe_architecture
0066,legend of,40,irrelevant
0066,legend zelda,17,legend_game
0066,legend (lu novel),7,legend_novel
0066,legend from a given scale,20,legend_infomation
0066,legend haiti music,20,legend_music
0066,legends french,10,legend_infomation
0066,legend haiti,20,legend_music
0066,legendary director,10,legend_music
0066,legend lyrics,3,legend_music
0066,legend movie,3,legend_movie
0066,legend john,10,legend_music
0066,legend myth,10,legend_myth
0066,legend seeker,10,legend_novel
0066,legend of the seeker,20,legend_novel
0066,legend legatee legendary legation legato,10,legend_infomation
0066,legends film,10,legend_movie
0066,legend narrative,47,legend_myth
0066,legend middle english from old french legende from medieval latin legenda to be read,5,legend_infomation
0066,legend productions,20,legend_car
0066,legend car,26,legend_company
0066,legend (bob marley &amp,9,legend_music
0066,legends latin,20,legend_infomation
0066,legends restaurant,5,legend_car
0066,urban legend,10,legend_myth
0066,legend book,5,legend_novel
0066,john legend,28,legend_music
0066,legend thesaurus,20,legend_infomation
0066,legend of seeker episodes,20,legend_novel
0066,legend device cipher narrative rubric,10,legend_infomation
0066,legendary legato,10,legend_movie
0066,legend zelda korra,20,legend_game
0066,legend online,15,legend_game
0066,legend acura,6,legend_company
0066,legend saga narrative fable fantasy,10,legend_myth
0066,legend korra,4,legend_game
0066,legend games,9,legend_game
0066,legends folklore myths,5,legend_myth
0066,i am legend,22,legend_movie
0066,legend arthur,20,legend_novel
0066,legend zelda avatar:,6,legend_game
0066,legend bob marley,22,legend_music
0066,legends store,26,legend_car
0066,legend zelda bob,4,legend_game
0066,legend definition,50,legend_infomation
0066,legend carnival,2,legend_car
0066,legend people,23,legend_car
0066,legend tom cruise mia sara tim curry david bennent,10,legend_movie
0066,legend ngk spark plugs,20,legend_car
0067,culture of beijing subways,20,beijing subways_information
0067,beijing subways,25,irrelevant
0067,beijing subways china,2,beijing subways_information
0067,west beijing subways,20,beijing subways_information
0067,few places in beijing subways,20,beijing subways_information
0067,hutong in beijing subways,20,beijing subways_information
0067,beijing subways allo,1,beijing subways_information
0067,beijing subways cost,20,beijing subways_information
0067,world renowned beijing subways,20,beijing subways_information
0067,beijing subways line 6,18,beijing subways_information
0067,beijing subways airport,2,beijing subways_information
0067,beijing subways map,15,beijing subways_information
0067,message during the beijing subways,20,beijing subways_information
0067,detail about beijing subways,20,beijing subways_information
0067,beijing subways line,12,beijing subways_information
0067,beijing subways video,6,beijing subways_video
0067,beijing subways surfers,8,beijing subways_game
0067,beijing subways station,4,beijing subways_information
0067,beijing subways beijing subway line 10,20,beijing subways_information
0068,camera digital single-lens,8,camera_model
0068,kids waterproof digital camera,19,camera_model
0068,digital camera,15,camera_information
0068,camera,10,irrelevant
0068,camera surveillance,10,camera_information
0068,camera trail,3,camera_information
0068,camera argos,20,camera_information
0068,cameras setup,10,camera_information
0068,camera facebook twitter google youtube,10,camera_information
0068,camera (magazine),2,camera_information
0068,camera pro audio,40,camera_information
0068,ritz camera,40,camera_model
0068,cameras lens,10,camera_model
0068,cameras,28,camera_information
0068,camera camcorders lenses cameras digital cameras,10,camera_information
0068,camera (newspaper),1,camera_information
0068,camera warehouse,16,camera_information
0068,cameras digital,10,camera_model
0068,camera nikon,10,camera_model
0068,cameras lenses,20,camera_model
0068,camera jvc,20,camera_model
0068,camera home,10,irrelevant
0068,powershot hs digital camera,20,camera_model
0068,cyber monday camera deals,1,camera_model
0068,camera obscura,8,camera_model
0068,camera tripods memory cards bags cases chargers,10,camera_information
0068,camera canon nikon sony panasonic,10,camera_model
0068,camera device,30,camera_model
0068,olympus digital camera,20,camera_model
0068,camera newspaper,17,camera_information
0068,camera (film),1,camera_information
0068,camera off on in cameraman,10,irrelevant
0068,camera exchange,22,camera_information
0068,gopro camera,20,camera_model
0068,online camera,24,camera_model
0068,camera video,10,camera_model
0068,camera digital,60,camera_model
0068,camera security,7,camera_information
0068,hs digital camera,40,camera_model
0068,camera art,6,camera_art
0068,camera lens,10,camera_model
0068,underwater camera live feed,21,camera_model
0069,free dvd burner window,10,free dvd burner_platform
0069,free dvd burner mac,3,free dvd burner_platform
0069,free dvd burner brothersoft,1,free dvd burner_software
0069,idoo free dvd burner,20,free dvd burner_software
0069,free dvd burner freeware,34,free dvd burner_software
0069,rz free dvd burner,40,free dvd burner_software
0069,dvd free burner,20,free dvd burner_software
0069,best free dvd burner,28,free dvd burner_software
0069,free dvd burner individuals,20,free dvd burner_software
0069,free dvd burner mp,8,free dvd burner_software
0069,free dvd burner to create photo slide,20,free dvd burner_software
0069,free dvd burner supports,20,free dvd burner_software
0069,free dvd burner wma,20,free dvd burner_software
0069,free dvd burner cd,6,free dvd burner_software
0069,free dvd burner wav,20,free dvd burner_software
0069,free dvd burner free dvd burning software,20,free dvd burner_software
0069,free dvd burner software downloads,20,free dvd burner_software
0069,free dvd burner for mac,4,free dvd burner_software
0069,roxio cd/dvd burner free,1,free dvd burner_software
0069,free dvd burner free avi to dvd burner,20,free dvd burner_software
0069,free dvd burner burn,10,free dvd burner_software
0069,free dvd burner,57,irrelevant
0069,free dvd burner download,10,free dvd burner_software
0069,free dvd burner burning,10,free dvd burner_software
0069,free dvd burner software,18,free dvd burner_software
0070,lost season 5 watch,12,lost season 5_series
0070,watch lost season 5 online,1,lost season 5_online
0070,lost season 5 torrent,4,lost season 5_download
0070,lost season 5 episode guide,10,lost season 5_series
0070,lost season 5 episode 14,20,lost season 5_series
0070,lost season 5 episode 1,4,lost season 5_series
0070,season 5 lost,20,lost season 5_series
0070,lost season 5 hurley,20,lost season 5_series
0070,lost season 5 trailer,10,lost season 5_series
0070,lost season 5 2,10,lost season 5_series
0070,5 lost season,26,lost season 5_series
0070,lost season 5 ray blu,2,lost season 5_series
0070,lost season 5 gets a premiere date,20,lost season 5_series
0070,lost season 5 episode 2,20,lost season 5_series
0070,lost season 5 island stories,20,lost season 5_series
0070,lost season 5 explained,20,lost season 5_series
0070,lost season 5 dvd,17,lost season 5_series
0070,lost season 5 download,8,lost season 5_series
0070,lost season 5 episode,15,lost season 5_series
0070,lost season 5,45,irrelevant
0070,lost season 5 sons shop,20,lost season 5_series
0070,lost season 5 online,2,lost season 5_online
0070,lost season 5 sayid,10,lost season 5_series
0070,lost season 5 2010,7,lost season 5_series
0070,season lost 5,10,lost season 5_series
0070,lost season 5 guides,2,lost season 5_series
0071,mobile phones phones,20,mobile phones_information
0071,mobile phones environmental impact,3,mobile phones_information
0071,motorola backflip mobile phones,20,mobile phones_brand
0071,mobile phones cheap,10,mobile phones_information
0071,mobile phones manufacturers,10,mobile phones_service
0071,silver spur mobile phones,20,mobile phones_brand
0071,phones mobile,10,mobile phones_information
0071,mobile phones for cash,20,mobile phones_information
0071,mobile phones contents,3,mobile phones_information
0071,mobile phones health effects,10,mobile phones_information
0071,mobile phones price india,7,mobile phones_information
0071,mobile phones for sale,20,mobile phones_information
0071,mobile phones deals,3,mobile phones_information
0071,mobile phones alcatel,20,mobile phones_brand
0071,mobile phones in india,24,mobile phones_information
0071,mobile phones boost,10,mobile phones_service
0071,compare mobile phones,12,mobile phones_information
0071,phones mobile samsung,30,mobile phones_brand
0071,mobile tablets smartphones all cameras,10,mobile phones_information
0071,mobile phones cell,9,mobile phones_information
0071,mobile phones ios,20,mobile phones_service
0071,mobile phones virgin,5,mobile phones_service
0071,video converter lg mobile phones,8,mobile phones_brand
0071,mobile phones features,10,mobile phones_information
0071,mobile phones india,10,mobile phones_information
0071,phones mobile t-mobile,20,mobile phones_brand
0071,mobile phones younevercall,20,irrelevant
0071,contract mobile phones,21,mobile phones_information
0071,mobile phones,56,irrelevant
0071,recycle mobile phones,40,mobile phones_service
0071,mobile phones samsung,9,mobile phones_brand
0071,mobile phones reviews,26,mobile phones_information
0071,t mobile phones,26,mobile phones_brand
0071,samsung usb driver for mobile phones,1,mobile phones_service
0071,mobile phones phone,9,irrelevant
0071,mobile phones huawei,20,mobile phones_brand
0072,programming languages taxonomy,10,programming languages_taxnonmy
0072,programming languages contents,1,programming languages_particular language
0072,types of programming languages,1,programming languages_taxnonmy
0072,programming languages,27,irrelevant
0072,programming languages comparison,7,programming languages_particular language
0072,programming languages using interpreters,20,programming languages_particular language
0072,programming languages history,10,programming languages_history
0072,languages programming popular,40,programming languages_particular language
0072,most popular programming languages,1,programming languages_particular language
0072,history of programming languages,20,programming languages_history
0072,programming languages java,10,programming languages_particular language
0072,list of programming languages,22,programming languages_taxnonmy
0072,programming languages language,19,programming languages_particular language
0072,programming languages merits,40,programming languages_particular language
0072,most used programming languages,27,programming languages_particular language
0072,programming languages visual basic programming language,20,programming languages_particular language
0072,different programming languages,25,programming languages_particular language
0072,latest programming languages,40,programming languages_particular language
0072,programming languages and compilers,20,programming languages_particular language
0072,programming languages type,8,programming languages_taxnonmy
0072,computer programming languages,12,programming languages_particular language
0072,programming languages design and implementation,10,programming languages_particular language
0072,programming languages languages,10,irrelevant
0072,programming languages most popular programming language,20,programming languages_particular language
0072,event driven programming languages,42,programming languages_particular language
0072,programming languages learn,8,programming languages_particular language
0072,programming languages use,10,programming languages_particular language
0072,programming languages web,7,programming languages_particular language
0072,programming languages like haskell,20,programming languages_particular language
0072,programming languages apl,20,programming languages_particular language
0072,programming languages best,7,programming languages_particular language
0072,programming languages list,15,programming languages_taxnonmy
0073,tom cruise divorce,40,tom cruise_divorce
0073,tom cruise popularity,2,tom cruise_popular
0073,tom cruise contents,1,tom cruise_contents
0073,tom cruise heights,20,tom cruise_biography
0073,tom cruise: unauthorized,8,tom cruise_book
0073,tom cruise didn t expect divorce,1,tom cruise_divorce
0073,tom cruise risky business,20,tom cruise_business
0073,tom cruise net worth,22,tom cruise_biography
0073,tom cruise gilbert,20,tom cruise_girlfriend
0073,tom cruise cruise:,10,irrelevant
0073,tom cruise 2014,10,irrelevant
0073,tom cruise biography,5,tom cruise_biography
0073,tom cruise katie holmes,10,tom cruise_divorce
0073,tom cruise penelope cruz,20,tom cruise_girlfriend
0073,tom cruise new,10,tom cruise_news
0073,tom cruise girlfriend,16,tom cruise_girlfriend
0073,tom cruise reacher,20,tom cruise_movie
0073,tom cruise life,10,tom cruise_biography
0073,tom cruise accident,14,tom cruise_news
0073,tom cruise career,10,tom cruise_biography
0073,tom cruise top gun,26,tom cruise_movie
0073,tom cruise melissa gilbert,20,tom cruise_girlfriend
0073,tom cruise pen¨¦lope cruz,20,tom cruise_girlfriend
0073,tom cruise,29,irrelevant
0073,tom cruise in seoul,20,tom cruise_news
0073,how old is tom cruise,23,tom cruise_biography
0073,tom cruise reveals top gun,20,tom cruise_movie
0073,tom cruise news,10,tom cruise_news
0073,how tall is tom cruise,1,tom cruise_biography
0073,tom cruise scientology,20,tom cruise_biography
0073,tom cruise wife,8,tom cruise_divorce
0073,tom cruise films list,22,tom cruise_movie
0073,tom cruise film,7,tom cruise_movie
0073,tom cruise tom cruise's first wife,20,tom cruise_divorce
0073,tom cruise movie,10,tom cruise_movie
0073,laura prepon tom cruise,1,tom cruise_girlfriend
0073,laura tom cruise,40,tom cruise_girlfriend
0074,top ipad games top ipad game apps,20,top ipad games_apps
0074,top ipad games top iphone apps,40,top ipad games_apps
0074,top ipad games mini,14,top ipad games_apps
0074,top ipad games 10,10,top ipad games_apps
0074,top games ipad,11,top ipad games_apps
0074,top ipad games kid,2,top ipad games_kid
0074,top ipad games play,2,top ipad games_apps
0074,top ipad games free games online,9,top ipad games_free
0074,top ipad games list,10,top ipad games_apps
0074,top ipad games kids,9,top ipad games_apps
0074,top ipad games iphone apps,10,top ipad games_apps
0074,top free ipad games,9,top ipad games_apps
0074,top ipad games ipad wallpapers,10,top ipad games_wallpapers
0074,top ipad games phones,17,top ipad games_apps
0074,top ipad games iphone,10,top ipad games_apps
0074,top ipad games apps,26,top ipad games_apps
0074,ipad games top,45,top ipad games_apps
0074,top ipad games 2013,20,top ipad games_2013
0074,top ipad games free ipad games,16,top ipad games_free
0074,top ipad games top free ipad games,20,top ipad games_free
0074,top ipad games top,28,top ipad games_apps
0074,top ipad games sports,10,top ipad games_sports
0075,watches men women kids sale,10,watches_category
0075,watches piguet,20,watches_brand
0075,watches anklet,40,watches_contents
0075,watches watch,10,irrelevant
0075,omega watches,22,watches_brand
0075,watches fossil,10,watches_brand
0075,watches automatic chronograph diamond eco drive,10,watches_category
0075,watches man,10,watches_category
0075,watches functions,10,watches_functions
0075,watches swiss,10,watches_brand
0075,watches shoes clothing accessories bags,10,watches_adornment
0075,watches military,20,watches_brand
0075,watches history,10,watches_history
0075,watches casio,10,watches_brand
0075,watches citizen,40,watches_brand
0075,watches bulova,3,watches_brand
0075,watches a lange sohne,20,watches_brand
0075,swatch watches,20,watches_brand
0075,watches michael kors,8,watches_brand
0075,watches movement,10,watches_category
0075,big bang steel watches,20,watches_brand
0075,watches sohne,20,watches_category
0075,watches contents,1,watches_contents
0075,watches bulova citizen casio seiko,10,watches_brand
0075,fossil watches,22,watches_brand
0075,ladies watches,28,watches_category
0075,watches concord,4,watches_contents
0075,watches pocket,5,watches_category
0075,watches quartz automatic manual wind mechanical,7,watches_category
0075,watches unique,7,watches_category
0075,military watches,41,watches_category
0075,watches skagen,20,watches_brand
0075,watches,30,irrelevant
0075,casio watches,40,watches_brand
0075,watches pendants,40,watches_category
0075,watches rolex,7,watches_brand
0076,thai specialties restaurant,10,thai specialties_restaurant
0076,thai specialties ca,22,irrelevant
0076,thai specialties specialty,40,thai specialties_food
0076,thai specialties food,2,thai specialties_food
0076,thai specialties soy sauce,47,thai specialties_food
0076,thai specialties brea,23,irrelevant
0076,thai specialties menu,24,thai specialties_restaurant
0076,thai specialties thai specialty,18,thai specialties_speciality
0076,variety of thai specialties,3,thai specialties_speciality
0076,thai specialties,25,irrelevant
0076,thai specialties specialties,10,thai specialties_speciality
0076,thai specialties skewers,40,thai specialties_food
0076,thai specialties foods,2,thai specialties_food
0076,thai specialties entrees,8,thai specialties_food
0076,thai food specialties,12,thai specialties_speciality
0076,thai specialties art,6,thai specialties_speciality
0076,specialties thai food,1,thai specialties_food
0076,thai specialties backgrounds,63,thai specialties_speciality
0076,thai specialties tomatoes,10,thai specialties_food
0076,thai specialties shrimp,10,thai specialties_food
0076,thai specialties tustin,34,irrelevant
0077,scientific american scientific articles,20,scientific american_magazine
0077,scientific american scientific,10,scientific american_magazine
0077,american scientific mind,20,scientific american_magazine
0077,scientific american,22,irrelevant
0077,scientific american american scientist,10,scientific american_magazine
0077,scientific american contents,1,scientific american_contents
0077,psychology: scientific american.,5,scientific american_contents
0077,american scientific season,10,scientific american_series
0077,scientific american editors,2,scientific american_magazine
0077,scientific american acc,2,scientific american_magazine
0077,scientific american scientist,10,scientific american_magazine
0077,scientific american geographic,20,scientific american_magazine
0077,scientific american computer,7,scientific american_computer
0077,scientific american mind,10,scientific american_magazine
0077,scientific american jobs,21,scientific american_jobs
0077,scientific american club,20,scientific american_club
0077,scientific american scientific american 50 award,1,scientific american_club
0077,american scientific products,21,scientific american_products
0077,scientific american science,9,scientific american_contents
0077,scientific american magazine,11,scientific american_magazine
0077,scientific american international editions,5,scientific american_magazine
0077,scientific american seed,10,scientific american_magazine
0077,scientific american book,3,scientific american_magazine
0077,scientific american wired magazine,20,scientific american_magazine
0077,american scientist vs scientific american,44,scientific american_magazine
0077,scientific american astronomy magazine,40,scientific american_magazine
0077,scientific american science news,20,scientific american_contents
0077,scientific american columns,1,scientific american_magazine
0077,scientific american article,6,scientific american_magazine
0077,scientific american pc world,20,scientific american_contents
0077,scientific american subscription,29,scientific american_magazine
0077,scientific american frontiers,59,scientific american_series
0077,scientific american articles,10,scientific american_magazine
0078,persian cat breeders,7,persian cat_animal
0078,persian cat characteristics,2,persian cat_animal
0078,persian cat necklace,18,persian cat_necklace
0078,persian cat is a point,40,persian cat_animal
0078,persian cat with two faces,40,persian cat_animal
0078,persian cats health problems,1,persian cat_animal
0078,persian cat rescue,39,persian cat_animal
0078,persian cat quotes,20,persian cat_animal
0078,persian cat development,10,persian cat_animal
0078,types of persian cats,1,persian cat_animal
0078,persian cat s eyes,20,persian cat_animal
0078,persian cat socks,1,irrelevant
0078,persian cats teacup,5,persian cat_category
0078,pictures of persian cats,1,persian cat_animal
0078,persian cat temperament,14,persian cat_animal
0078,persian cat pictures,22,persian cat_animal
0078,persian cat price,5,persian cat_animal
0078,persian cat cat,10,persian cat_animal
0078,persian cat grooming,42,persian cat_animal
0078,persian cat picture,7,persian cat_animal
0078,part persian cat,20,persian cat_category
0078,persian cat society,20,persian cat_category
0078,persian cat names,25,persian cat_category
0078,persian cat kittens,10,persian cat_animal
0078,persian cat sale,39,persian cat_animal
0078,cat persian,47,persian cat_animal
0078,persian cats for adoption,1,persian cat_animal
0078,persian cat contents,3,persian cat_animal
0078,cats persian types,4,persian cat_category
0078,persian cat,25,irrelevant
0078,persian cats cat,8,persian cat_animal
0078,persian cat food 10kg,20,persian cat_animal
0078,persian cat white,6,persian cat_category
0079,archimedes bathtub,23,bathtub_contents
0079,bathtub baby,10,bathtub_manufacturer
0079,bathtub shower,7,bathtub_contents
0079,bathtub clawfoot tub,10,bathtub_contents
0079,bathtub kohler american standard jacuzzi sterling,10,bathtub_contents
0079,bathtub wickes,20,bathtub_manufacturer
0079,bathtub inflatable,6,bathtub_contents
0079,bathtub cost,7,bathtub_manufacturer
0079,standard bathtub size,37,bathtub_contents
0079,manufacturer of portable warm bathtub,40,bathtub_manufacturer
0079,bathtub bathtubs sinks showers faucets,10,bathtub_contents
0079,bathtub liners,40,bathtub_contents
0079,bathtub toto,37,bathtub_contents
0079,bathtub full of water,20,bathtub_manufacturer
0079,bathtub soaking tubs walk in tubs whirlpool tubs tub accessories,10,bathtub_manufacturer
0079,bathtub dimensions,3,bathtub_contents
0079,bathtubs kohler,16,bathtub_manufacturer
0079,bathtub hot tubs,1,bathtub_contents
0079,bathtub refinishing,7,bathtub_manufacturer
0079,bathtub facebook twitter tumblr google,8,bathtub_manufacturer
0079,whirlpool bathtub,20,bathtub_manufacturer
0079,bathtub accessories,10,bathtub_contents
0079,bathtubs tubs,10,bathtub_manufacturer
0079,bathtub bathtubs,10,bathtub_manufacturer
0079,bathtub drain,10,bathtub_contents
0079,bathtub world,10,bathtub_contents
0079,bathtub contents,2,bathtub_contents
0079,bathtub,27,irrelevant
0079,bathtub soaking,5,bathtub_contents
0079,bathtub repair,10,bathtub_manufacturer
0079,bathtub refinishing resources,20,bathtub_manufacturer
0079,bathtub that is going to grab the attention,20,bathtub_contents
0079,outdoor spa acrylic bathtub,20,bathtub_contents
0079,bathtub surround,10,bathtub_contents
0079,bathtub replacement,40,bathtub_manufacturer
0079,bathtub acrylic cast iron fiberglass porcelain,7,bathtub_contents
0079,bathtub refinish,10,bathtub_manufacturer
0080,center double grooved wedding ring,20,wedding ring_design
0080,wedding ring sets,35,wedding ring_tradition
0080,white gold jewelry type wedding ring,30,wedding ring_design
0080,diamond platinum wedding ring,20,wedding ring_design
0080,wedding ring,34,irrelevant
0080,wedding ring pictures,17,wedding ring_design
0080,wedding ring tattoos,20,wedding ring_design
0080,wedding ring bible,1,wedding ring_tradition
0080,wedding ring set,10,wedding ring_tradition
0080,wedding ring 1 2 ct,20,wedding ring_design
0080,wedding ring symbol,1,wedding ring_tradition
0080,wedding rings bands,10,wedding ring_tradition
0080,wedding ring with beveled edge,10,wedding ring_design
0080,eternity wedding ring,20,wedding ring_design
0080,wedding ring quilt,40,wedding ring_design
0080,wedding ring gold,7,wedding ring_design
0080,wedding ring woman,9,wedding ring_tradition
0080,wedding ring contents,1,wedding ring_design
0080,ring wedding gold,3,wedding ring_design
0080,make your own wedding ring,22,wedding ring_tradition
0080,wedding ring diamond,29,wedding ring_design
0080,wedding ring titanium,6,wedding ring_design
0080,wedding ring ring,10,wedding ring_tradition
0080,wedding rings,10,wedding ring_tradition
0080,wedding ring finger,20,wedding ring_tradition
0080,wedding ring man,10,wedding ring_tradition
0080,wedding ring claddagh,3,wedding ring_tradition
0080,wedding ring 1 2 cttw,40,wedding ring_design
0080,ring wedding palladium,50,wedding ring_design
0080,white gold wedding ring,22,wedding ring_design
0080,wedding ring religion,5,wedding ring_tradition
0080,wedding ring vows,3,wedding ring_tradition
0080,wedding engagement rings wedding rings earrings diamonds,10,wedding ring_design
0081,samsung televisions,10,samsung_tv
0081,samsung ace,10,samsung_mobile
0081,samsung instinct,10,samsung_mobile
0081,samsung controversies,2,samsung_company
0081,samsung parts,24,irrelevant
0081,samsung galaxy bluewings,9,irrelevant
0081,samsung tv,19,samsung_tv
0081,samsung cases,10,samsung_company
0081,samsung,30,irrelevant
0081,samsung samsung medical center,2,samsung_product
0081,samsung softonic,3,samsung_product
0081,samsung appliances,10,samsung_product
0081,samsung sgh,10,samsung_mobile
0081,samsung m2710 beat twist,17,samsung_mobile
0081,samsung major customers,2,samsung_company
0081,samsung refrigerators,60,samsung_refrigerator
0081,samsung galaxy insurance,10,samsung_insurance
0081,samsung bizrate,1,irrelevant
0081,samsung contents,3,irrelevant
0081,samsung phone,10,samsung_mobile
0081,samsung galaxy tablet,12,samsung_company
0081,samsung group,8,samsung_company
0081,samsung at t verizon sprint t mobile,10,samsung_mobile
0081,samsung malaysia,22,samsung_company
0081,samsung m2710,10,samsung_mobile
0081,samsung lcd plasma led lcd 3d,10,samsung_tv
0081,samsung s3,10,samsung_mobile
0081,samsung t459 gravity,20,samsung_mobile
0081,samsung tab,10,samsung_tablet
0081,samsung electronics,10,samsung_company
0081,samsung history,10,samsung_company
0081,samsung cell phones tablets digital cameras laptops,10,samsung_product
0081,samsung led,8,samsung_tv
0081,samsung tv led,1,samsung_tv
0081,many features that your scd67 samsung,30,samsung_product
0081,samsung sony lg nokia apple,10,samsung_brand
0081,samsung galaxy ii,5,samsung_mobile
0081,samsung galaxy s3,20,samsung_mobile
0081,samsung galaxy tab,18,samsung_tablet
0081,samsung software,8,samsung_software
0081,samsung galaxy,40,samsung_product
0081,samsung electronics clothing accessories computers all departments,10,samsung_product
0081,samsung led tv,35,samsung_tv
0082,the hunger games The Hunger Games,5,the hunger games_novel
0082,the hunger games chapter,3,the hunger games_novel
0082,the hunger games wes bentley,20,the hunger games_movie
0082,the hunger games trilogy,33,the hunger games_movie
0082,the hunger games book,32,the hunger games_novel
0082,watch the hunger games online,1,the hunger games_movie
0082,the hunger games npr,2,the hunger games_movie
0082,the hunger games watch,2,the hunger games_movie
0082,the hunger games (film series),10,the hunger games_movie
0082,the hunger games facebook,7,the hunger games_movie
0082,the hunger games novel,25,the hunger games_novel
0082,the hunger games fire catching,9,the hunger games_novel
0082,the hunger games watchlist,20,the hunger games_movie
0082,the hunger games donald sutherland,40,the hunger games_movie
0082,world of the hunger games,20,the hunger games_novel
0082,the hunger games review,35,the hunger games_movie
0082,the hunger games film,46,the hunger games_movie
0082,the hunger games wiki,1,the hunger games_movie
0082,the hunger games women,20,the hunger games_movie
0082,the hunger games third best opening weekend,20,the hunger games_movie
0082,the hunger games trailer,40,the hunger games_movie
0082,the hunger games woody harrelson,20,the hunger games_movie
0082,the hunger games 2012,8,the hunger games_movie
0082,the hunger games elizabeth banks,14,the hunger games_movie
0082,the hunger games movie,20,the hunger games_movie
0082,the hunger games hunger games characters,20,the hunger games_movie
