apple,clueweb12-1216wb-97-32060,3,apple_company_applications ,apple_company_product,apple_company_website ,
apple,clueweb12-1213wb-05-12859,2,apple_company_website ,,,
apple,clueweb12-0701wb-99-16258,3,apple_company_product,apple_company_accessory,,
apple,clueweb12-1308wb-52-13627,3,apple_company_product,,,
apple,clueweb12-0209wb-98-31901,2,apple_company_product,apple_company_games,,
apple,clueweb12-0000wb-76-06525,3,,,,
apple,clueweb12-0701wb-80-24597,3,apple_company_accessory,apple_company_product,,
apple,clueweb12-1210wb-85-06159,2,apple_company_website ,,,
apple,clueweb12-0104wb-67-23261,3,apple_company_event,apple_company_developer ,,
apple,clueweb12-0701wb-15-28716,3,apple_company_accessory,apple_company_product,,
apple,clueweb12-0301wb-30-20658,3,apple_company_product,apple_company_accessory,,
apple,clueweb12-0010wb-50-05341,2,apple_company_product,apple_company_event,,
apple,clueweb12-0208wb-75-15671,2,apple_company_applications ,,,
apple,clueweb12-0209wb-97-23655,3,apple_company_product,,,
apple,clueweb12-0310wb-68-05704,3,apple_company_product,apple_company_applications ,,
apple,clueweb12-0702wb-08-26867,3,apple_company_product,apple_company_accessory,,
apple,clueweb12-0201wb-41-30925,2,apple_company_developer ,,,
apple,clueweb12-0409wb-92-24205,3,,,,
apple,clueweb12-1801wb-16-08003,3,apple_company_support,,,
apple,clueweb12-1815wb-26-04662,3,apple_company_product,apple_company_accessory,,
apple,clueweb12-0703wb-84-23724,3,apple_company_product,apple_company_accessory,,
apple,clueweb12-0301tw-36-09966,3,apple_company_product,apple_company_event,apple_company_brand,
apple,clueweb12-0910wb-75-13893,3,apple_company_product,apple_company_accessory,,
apple,clueweb12-0702wb-08-26881,3,apple_company_product,apple_company_accessory,,
apple,clueweb12-1815wb-03-13739,3,apple_company_applications ,,,
apple,clueweb12-0404wb-74-21020,3,apple_company_product,,,
apple,clueweb12-1200tw-30-17943,3,apple_botanical_introduction,apple_botanical_fruit,apple_botanical_culture ,
apple,clueweb12-0702wb-37-01268,3,apple_company_product,apple_company_accessory,,
apple,clueweb12-1019wb-60-21624,2,apple_company_product,,,
apple,clueweb12-1210wb-95-22640,3,apple_company_product,,,
apple,clueweb12-0612wb-21-13414,3,apple_company_product,apple_company_accessory,,
apple,clueweb12-0204wb-47-17463,3,,,,
apple,clueweb12-0305wb-26-02255,3,apple_company_product,apple_company_accessory,,
cathedral,clueweb12-1808wb-13-04540,3,cathedral_architecture_buildings,cathedral_architecture_designs,,
cathedral,clueweb12-1901wb-07-15438,2,cathedral_info_services,,,
cathedral,clueweb12-1801wb-03-02746,3,cathedral_religion_events,cathedral_religion_saint,,
cathedral,clueweb12-0200wb-21-03114,3,cathedral_religion_events,cathedral_info_services,,
cathedral,clueweb12-0600wb-22-08236,3,cathedral_religion_events,,,
cathedral,clueweb12-0401wb-21-33486,3,cathedral_religion_church,cathedral_architecture_designs,,
cathedral,clueweb12-0400wb-25-18545,3,cathedral_architecture_buildings,cathedral_info_services,,
cathedral,clueweb12-1902wb-86-17739,2,cathedral_info_references,,,
cathedral,clueweb12-1903wb-77-19981,3,cathedral_info_references,cathedral_religion_church,,
cathedral,clueweb12-0400wb-16-06468,3,cathedral_architecture_designs,,,
cathedral,clueweb12-0000wb-04-15343,3,cathedral_religion_church,cathedral_info_references,,
cathedral,clueweb12-0204wb-06-13520,3,cathedral_religion_church,cathedral_info_references,,
cathedral,clueweb12-0204wb-66-23359,3,cathedral_architecture_buildings,cathedral_architecture_designs,,
cathedral,clueweb12-1512wb-48-13525,3,cathedral_info_references,cathedral_info_services,,
cathedral,clueweb12-0203wb-61-32883,3,cathedral_info_roles,cathedral_info_references,,
cathedral,clueweb12-0600wb-82-30901,3,cathedral_info_services,,,
cathedral,clueweb12-1111wb-98-03172,3,cathedral_religion_events,,,
cathedral,clueweb12-1512wb-64-16942,3,cathedral_religion_events,cathedral_info_references,,
cathedral,clueweb12-1020wb-96-01936,3,cathedral_info_references,cathedral_info_services,,
cathedral,clueweb12-0011wb-62-08504,2,cathedral_info_references,,,
cathedral,clueweb12-0105wb-19-16893,3,cathedral_religion_church,cathedral_info_references,cathedral_architecture_rituals,
cathedral,clueweb12-1203wb-10-12331,2,cathedral_architecture_buildings,cathedral_architecture_designs,cathedral_info_references,
cathedral,clueweb12-1814wb-38-19562,3,cathedral_info_roles,,,
cathedral,clueweb12-1902wb-81-19774,2,cathedral_architecture_buildings,cathedral_info_services,,
cathedral,clueweb12-1902wb-56-20324,3,cathedral_architecture_buildings,cathedral_info_services,,
cathedral,clueweb12-1902wb-67-07707,2,cathedral_architecture_buildings,cathedral_info_services,,
cathedral,clueweb12-1514wb-90-08421,3,cathedral_religion_events,,,
eclipse,clueweb12-0703wb-69-03821,3,eclipse_automobile_mitsubishi,,,
eclipse,clueweb12-0806wb-09-09790,3,eclipse_astronomy_all,,,
eclipse,clueweb12-0109wb-68-02576,3,eclipse_astronomy_solar system,eclipse_astronomy_all,,
eclipse,clueweb12-1213wb-51-09776,3,eclipse_astronomy_solar system,eclipse_astronomy_all,,
eclipse,clueweb12-1209wb-57-10641,3,eclipse_astronomy_solar system,eclipse_astronomy_all,,
eclipse,clueweb12-1309wb-39-20314,3,eclipse_automobile_mitsubishi,eclipse_automobile_product,,
eclipse,clueweb12-1705wb-07-04828,3,eclipse_software_applications,,,
eclipse,clueweb12-0701wb-20-14793,3,eclipse_software_applications,,,
eclipse,clueweb12-1100tw-98-03332,3,eclipse_astronomy_solar system,eclipse_astronomy_all,,
eclipse,clueweb12-1717wb-46-17246,2,eclipse_astronomy_solar system,eclipse_astronomy_all,eclipse_astronomy_nasa,
eclipse,clueweb12-0000wb-11-02233,2,eclipse_automobile_mitsubishi,eclipse_automobile_product,,
eclipse,clueweb12-0212wb-04-07625,3,eclipse_astronomy_solar system,eclipse_astronomy_all,,
eclipse,clueweb12-1710wb-59-08638,3,eclipse_movie_twilight,,,
eclipse,clueweb12-0712wb-57-27983,3,eclipse_software_applications,,,
eclipse,clueweb12-0919wb-17-23369,3,eclipse_astronomy_calendar,eclipse_astronomy_solar system,eclipse_astronomy_all,
eclipse,clueweb12-1804wb-18-02325,3,eclipse_software_applications,,,
eclipse,clueweb12-0914wb-74-24252,3,eclipse_software_applications,,,
eclipse,clueweb12-0817wb-92-04229,3,eclipse_astronomy_calendar,eclipse_astronomy_solar system,eclipse_astronomy_all,
eclipse,clueweb12-0000tw-10-06962,3,,,,
eclipse,clueweb12-0200wb-92-33097,3,eclipse_automobile_mitsubishi,eclipse_automobile_product,,
eclipse,clueweb12-0701wb-26-08235,3,eclipse_software_applications,,,
eclipse,clueweb12-1201wb-37-04457,3,eclipse_software_applications,,,
eclipse,clueweb12-0808wb-71-22352,3,eclipse_astronomy_solar system,eclipse_astronomy_all,,
eclipse,clueweb12-0009wb-62-23393,3,eclipse_software_applications,,,
eclipse,clueweb12-0311wb-92-18519,3,eclipse_astronomy_solar system,eclipse_astronomy_all,,
eclipse,clueweb12-1801wb-39-24852,3,eclipse_astronomy_solar system,eclipse_astronomy_all,,
eclipse,clueweb12-0310wb-21-13610,2,eclipse_software_applications,,,
eclipse,clueweb12-0201wb-93-31503,3,eclipse_automobile_product,eclipse_automobile_mitsubishi,,
eclipse,clueweb12-0501wb-98-27195,2,eclipse_automobile_mitsubishi,eclipse_automobile_product,,
eclipse,clueweb12-1616wb-00-15135,2,eclipse_movie_twilight,,,
eclipse,clueweb12-0608wb-02-08182,2,eclipse_astronomy_all,,,
eclipse,clueweb12-0005wb-19-25081,3,eclipse_astronomy_calendar,eclipse_astronomy_solar system,eclipse_astronomy_all,
eclipse,clueweb12-0905wb-55-11818,3,eclipse_astronomy_solar system,eclipse_astronomy_all,,
eclipse,clueweb12-0109wb-60-09285,3,eclipse_astronomy_calendar,eclipse_astronomy_solar system,eclipse_astronomy_all,
fas,clueweb12-0310wb-00-20457,3,fas_syndrome_information,,,
fas,clueweb12-0208wb-32-11891,3,fas_syndrome_information,,,
fas,clueweb12-1202wb-80-15716,3,fas_software_program,,,
fas,clueweb12-0612wb-60-03768,3,fas_software_program,,,
fas,clueweb12-1202wb-27-21467,3,fas_software_program,fas_software_accounting,,
fas,clueweb12-1210wb-72-10326,3,fas_syndrome_information,,,
fas,clueweb12-1016wb-36-13440,3,fas_syndrome_information,,,
fas,clueweb12-1611wb-57-10357,3,fas_software_accounting,,,
fas,clueweb12-1202wb-49-26273,3,fas_software_program,,,
fas,clueweb12-0815wb-50-02514,3,fas_software_program,,,
fas,clueweb12-0505wb-80-09353,3,fas_software_program,,,
fas,clueweb12-0205wb-33-21999,3,fas_syndrome_information,,,
fas,clueweb12-0306wb-47-02958,3,fas_syndrome_information,,,
fas,clueweb12-0309wb-33-12179,3,fas_software_accounting,,,
fas,clueweb12-0309wb-62-06633,3,fas_syndrome_information,,,
fas,clueweb12-1202wb-94-12538,3,fas_software_accounting,fas_software_program,,
fas,clueweb12-1900tw-24-22077,3,fas_syndrome_information,,,
fas,clueweb12-0310wb-56-24075,3,fas_syndrome_information,,,
fas,clueweb12-0110wb-55-285573,3,,,,
fas,clueweb12-0100wb-97-04354,3,fas_syndrome_information,,,
fas,clueweb12-0102wb-10-08029,3,fas_software_accounting,,,
fas,clueweb12-1202wb-49-26287,3,fas_software_program,fas_software_accounting,,
fas,clueweb12-0302wb-76-16501,3,fas_software_accounting,,,
fas,clueweb12-1807wb-25-22060,2,fas_syndrome_information,,,
fas,clueweb12-0713wb-50-03356,3,fas_company_business,,,
fas,clueweb12-1207wb-47-07679,3,fas_syndrome_information,,,
fas,clueweb12-0002wb-96-14560,3,fas_software_accounting,,,
flesh,clueweb12-1806wb-88-07156,3,flesh_information_body,,,
flesh,clueweb12-1811wb-15-02542,3,flesh_information_accesories,,,
flesh,clueweb12-0001wb-24-27320,2,flesh_literature_information,,,
flesh,clueweb12-1408wb-57-07412,3,flesh_religion_church,,,
flesh,clueweb12-0900tw-27-16160,3,flesh_body_health issues,,,
flesh,clueweb12-1703wb-63-25488,3,flesh_literature_information,,,
flesh,clueweb12-0000wb-38-13823,3,flesh_body_health issues,flesh_information_body,,
flesh,clueweb12-1312wb-03-05977,3,flesh_information_accesories,,,
flesh,clueweb12-0909wb-63-02654,3,flesh_religion_church,,,
flesh,clueweb12-0713wb-77-14214,2,flesh_religion_church,,,
flesh,clueweb12-1100wb-86-16707,3,flesh_body_health issues,flesh_information_body,,
flesh,clueweb12-1217wb-48-02317,3,flesh_religion_church,,,
flesh,clueweb12-0915wb-05-03921,3,flesh_information_body,flesh_information_heat,,
flesh,clueweb12-1018wb-70-01520,3,flesh_religion_church,,,
flesh,clueweb12-1906wb-19-07965,3,flesh_information_accesories,,,
flesh,clueweb12-1303wb-05-28178,3,flesh_information_accesories,,,
flesh,clueweb12-0507wb-27-17893,3,flesh_information_heat,,,
flesh,clueweb12-1216wb-90-15646,3,flesh_information_blood,,,
flesh,clueweb12-1300wb-02-18670,2,flesh_body_health issues,flesh_information_body,,
flesh,clueweb12-0202wb-64-17300,3,flesh_information_media,,,
flesh,clueweb12-1306wb-78-29014,3,flesh_fly_illness,flesh_body_health issues,,
flesh,clueweb12-1215wb-03-08270,2,flesh_body_health issues,,,
flesh,clueweb12-1205wb-13-12982,3,flesh_religion_church,,,
flesh,clueweb12-1803wb-39-23395,3,flesh_information_body,,,
flesh,clueweb12-1018wb-51-08611,2,flesh_religion_church,,,
flesh,clueweb12-1500tw-84-17775,2,flesh_religion_church,,,
flesh,clueweb12-0012wb-84-09801,3,flesh_religion_church,flesh_information_body,,
flesh,clueweb12-1215wb-03-08242,3,flesh_body_health issues,flesh_information_body,,
flesh,clueweb12-1302wb-96-01076,3,flesh_information_accesories,,,
flesh,clueweb12-0303wb-58-05622,3,flesh_body_health issues,,,
ir,clueweb12-0100wb-07-16542,3,ir_interest rate_relations,,,
ir,clueweb12-0909wb-87-06207,3,ir_chemistry_science,,,
ir,clueweb12-0402wb-42-16785,2,ir_country_school,,,
ir,clueweb12-0109wb-14-28174,3,ir_chemistry_science,,,
ir,clueweb12-0404wb-58-03960,3,ir_chemistry_science,,,
ir,clueweb12-1809wb-74-21751,2,ir_country_abbreviation,,,
ir,clueweb12-0307wb-98-03531,2,ir_website_application,,,
ir,clueweb12-0212wb-14-13044,3,ir_chemistry_science,,,
ir,clueweb12-0107wb-46-17471,3,ir_chemistry_science,,,
ir,clueweb12-1100tw-97-08872,3,ir_interest rate_relations,ir_interest rate_investor,,
ir,clueweb12-0405wb-36-02450,3,ir_chemistry_science,,,
ir,clueweb12-1810wb-12-17356,3,,,,
ir,clueweb12-0306wb-49-02284,3,ir_country_investor,,,
ir,clueweb12-1802wb-98-26730,3,ir_chemistry_science,,,
ir,clueweb12-1008wb-62-17978,3,ir_website_application,,,
ir,clueweb12-1803wb-68-19340,3,ir_country_school,,,
ir,clueweb12-0905wb-48-00100,3,ir_chemistry_science,,,
ir,clueweb12-1312wb-73-12727,3,ir_interest rate_relations,ir_interest rate_investor,,
ir,clueweb12-0716wb-08-14847,3,ir_chemistry_science,,,
ir,clueweb12-0715wb-26-00287,3,ir_chemistry_science,,,
ir,clueweb12-0104wb-33-00567,3,ir_country_investor,,,
ir,clueweb12-1005wb-49-19355,3,ir_interest rate_relations,,,
ir,clueweb12-1407wb-62-29445,3,ir_chemistry_science,,,
ir,clueweb12-1716wb-35-18139,3,ir_chemistry_science,,,
ir,clueweb12-1506wb-88-06182,3,ir_chemistry_science,,,
ir,clueweb12-0609wb-19-12617,3,ir_website_application,,,
ir,clueweb12-0402wb-42-16771,3,ir_country_school,,,
ir,clueweb12-1614wb-04-30329,3,ir_chemistry_science,,,
ir,clueweb12-0204wb-17-23864,3,ir_country_school,,,
ir,clueweb12-0405wb-36-02436,3,ir_chemistry_science,,,
ir,clueweb12-1507wb-05-02538,2,ir_chemistry_science,,,
ir,clueweb12-0904wb-70-17920,3,ir_chemistry_science,,,
ir,clueweb12-0407wb-20-06092,3,ir_chemistry_science,,,
ir,clueweb12-1506wb-95-11620,3,ir_chemistry_science,,,
ir,clueweb12-0110wb-68-08696,3,ir_chemistry_science,,,
ir,clueweb12-0815wb-87-10692,3,ir_interest rate_relations,,,
ir,clueweb12-0105wb-07-11181,3,ir_chemistry_science,,,
lost,clueweb12-1116wb-76-23133,3,lost_series_episodes,lost_series_spoiler,lost_series_online,
lost,clueweb12-1407wb-83-23628,3,lost_music_song,,,
lost,clueweb12-0808wb-06-06465,3,lost_series_online,lost_series_episodes,,
lost,clueweb12-1313wb-95-24934,3,lost_series_episodes,,,
lost,clueweb12-0006wb-46-09480,3,lost_series_cast,lost_series_episodes,,
lost,clueweb12-0909wb-34-10768,3,lost_blog_content,,,
lost,clueweb12-0006wb-33-09194,3,lost_series_episodes,,,
lost,clueweb12-1402wb-56-13175,3,,,,
lost,clueweb12-0309wb-50-07163,2,,,,
lost,clueweb12-1906wb-74-06855,3,lost_movie_title,lost_movie_motion picture,lost_movie_entertainment,
lost,clueweb12-0612wb-80-18411,3,lost_property_information,,,
lost,clueweb12-0204wb-65-06704,3,lost_property_information,,,
lost,clueweb12-0402wb-55-09374,3,lost_series_online,lost_series_episodes,,
lost,clueweb12-1510wb-67-13415,3,lost_property_information,lost_property_items,,
lost,clueweb12-0308wb-22-09771,3,,,,
lost,clueweb12-0003wb-37-01749,3,lost_series_spoiler,lost_series_episodes,,
lost,clueweb12-0004wb-73-27923,3,,,,
lost,clueweb12-1805wb-48-05713,3,lost_property_items,lost_property_information,,
lost,clueweb12-1913wb-31-23035,3,lost_blog_content,,,
lost,clueweb12-0802wb-25-13739,3,lost_blog_content,,,
lost,clueweb12-1407wb-81-03020,3,lost_music_song,,,
lost,clueweb12-0303wb-19-03470,3,lost_music_song,,,
lost,clueweb12-1515wb-74-21555,3,lost_movie_motion picture,lost_movie_entertainment,,
lost,clueweb12-0001wb-97-36306,3,,,,
lost,clueweb12-0004wb-52-33206,3,lost_series_online,lost_series_episodes,,
lost,clueweb12-0002wb-73-00069,3,lost_series_online,lost_series_episodes,,
lost,clueweb12-0308wb-80-11117,3,,,,
lost,clueweb12-0917wb-99-07049,3,lost_series_spoiler,lost_series_online,,
lost,clueweb12-0006wb-66-13186,3,lost_series_online,lost_series_episodes,,
lost,clueweb12-1714wb-98-26185,2,lost_blog_content,,,
lost,clueweb12-0308wb-67-08200,3,,,,
lost,clueweb12-0503wb-77-27204,3,lost_music_song,,,
lost,clueweb12-0711wb-66-12778,3,lost_series_online,lost_movie_motion picture,lost_movie_entertainment,
lost,clueweb12-0006wb-66-13200,3,lost_series_spoiler,lost_series_episodes,,
lost,clueweb12-1315wb-54-03524,3,lost_series_episodes,,,
lost,clueweb12-0210wb-07-21479,2,,,,
shrew,clueweb12-0903wb-08-19478,3,shrew_information_issue,,,
shrew,clueweb12-1309wb-99-07700,3,shrew_animal_species,,,
shrew,clueweb12-0001wb-35-26399,3,shrew_literature_story,shrew_information_online,,
shrew,clueweb12-1908wb-91-30595,3,shrew_literature_story,shrew_information_online,,
shrew,clueweb12-1312wb-03-24826,3,shrew_animal_species,shrew_information_online,,
shrew,clueweb12-1311wb-35-03803,3,shrew_animal_species,shrew_information_classification,,
shrew,clueweb12-0009wb-86-08795,3,shrew_animal_species,,,
shrew,clueweb12-1608wb-96-00786,3,shrew_literature_story,,,
shrew,clueweb12-0406wb-30-04073,3,shrew_animal_species,,,
shrew,clueweb12-1311wb-47-24598,3,shrew_animal_species,,,
shrew,clueweb12-1312wb-60-08355,3,shrew_literature_story,,,
shrew,clueweb12-1311wb-85-23219,3,shrew_literature_story,,,
shrew,clueweb12-1001wb-54-22237,3,shrew_literature_story,,,
shrew,clueweb12-1203wb-66-10758,3,shrew_literature_story,,,
shrew,clueweb12-0009wb-72-01672,2,shrew_animal_species,shrew_information_issue,,
shrew,clueweb12-1311wb-10-23680,3,shrew_literature_story,,,
shrew,clueweb12-0814wb-59-24346,3,shrew_literature_story,,,
shrew,clueweb12-1311wb-82-14904,3,shrew_animal_species,shrew_information_online,,
shrew,clueweb12-0600tw-15-26858,2,shrew_animal_species,shrew_information_online,,
shrew,clueweb12-1312wb-15-29429,2,shrew_animal_species,shrew_information_classification,,
shrew,clueweb12-1204wb-13-09691,3,shrew_animal_species,shrew_literature_story,,
shrew,clueweb12-1203wb-89-28654,3,shrew_literature_story,,,
shrew,clueweb12-1311wb-79-16524,3,shrew_animal_species,,,
shrew,clueweb12-0013wb-73-27587,3,shrew_literature_story,shrew_information_online,,
symmetry,clueweb12-0400wb-77-26965,3,symmetry_art_design,,,
symmetry,clueweb12-0003wb-76-19104,3,symmetry_math_operations,,,
symmetry,clueweb12-0008wb-69-10461,3,symmetry_art_design,symmetry_art_culture,,
symmetry,clueweb12-0002wb-79-17431,3,,,,
symmetry,clueweb12-0602wb-73-07776,3,symmetry_math_learning,,,
symmetry,clueweb12-1305wb-81-18329,2,symmetry_math_figures,symmetry_math_operations,,
symmetry,clueweb12-0008wb-02-10103,3,symmetry_art_design,,,
symmetry,clueweb12-0300wb-34-03225,3,symmetry_art_culture,,,
symmetry,clueweb12-0008wb-70-07350,3,symmetry_art_mediums,symmetry_art_culture,,
symmetry,clueweb12-0104wb-70-22126,3,symmetry_math_learning,symmetry_math_operations,,
symmetry,clueweb12-0501wb-24-33776,3,symmetry_math_figures,,,
symmetry,clueweb12-1403wb-38-00448,3,symmetry_math_figures,,,
symmetry,clueweb12-1000wb-36-04227,3,symmetry_math_learning,symmetry_math_figures,,
symmetry,clueweb12-1705wb-90-33378,3,symmetry_art_design,symmetry_art_culture,,
symmetry,clueweb12-1402wb-37-05308,3,symmetry_math_figures,,,
symmetry,clueweb12-0510wb-51-08780,3,symmetry_art_design,,,
symmetry,clueweb12-1006wb-85-28422,3,symmetry_math_learning,,,
symmetry,clueweb12-1905wb-07-15759,3,symmetry_math_figures,,,
symmetry,clueweb12-0811wb-68-14731,2,symmetry_science_physics,,,
the presidents of the united states of america,clueweb12-0509wb-10-17361,3,the presidents of the united states of america_music_entertainment,,,
the presidents of the united states of america,clueweb12-1217wb-45-23948,3,the presidents of the united states of america_history_details,,,
the presidents of the united states of america,clueweb12-0308wb-92-08161,3,the presidents of the united states of america_music_entertainment,,,
the presidents of the united states of america,clueweb12-0711wb-27-07842,2,the presidents of the united states of america_history_details,,,
the presidents of the united states of america,clueweb12-1909wb-16-32374,3,the presidents of the united states of america_history_details,,,
the presidents of the united states of america,clueweb12-0700tw-51-12158,3,the presidents of the united states of america_politics_states,,,
the presidents of the united states of america,clueweb12-0813wb-97-14924,3,the presidents of the united states of america_duties_district,,,
the presidents of the united states of america,clueweb12-0700tw-51-12172,3,the presidents of the united states of america_politics_states,,,
the presidents of the united states of america,clueweb12-0204wb-03-01373,2,the presidents of the united states of america_duties_district,,,
the presidents of the united states of america,clueweb12-1217wb-36-08520,3,the presidents of the united states of america_duties_district,,,
the presidents of the united states of america,clueweb12-0700tw-51-12144,2,the presidents of the united states of america_duties_district,,,
the presidents of the united states of america,clueweb12-1007wb-78-05067,3,the presidents of the united states of america_history_details,,,
the presidents of the united states of america,clueweb12-0400wb-94-29407,3,the presidents of the united states of america_music_entertainment,,,
the presidents of the united states of america,clueweb12-1410wb-51-08139,3,the presidents of the united states of america_history_details,the presidents of the united states of america_picture_facts,,
the presidents of the united states of america,clueweb12-1901wb-07-23580,2,the presidents of the united states of america_duties_district,,,
the presidents of the united states of america,clueweb12-0206wb-67-03939,3,the presidents of the united states of america_music_entertainment,,,
the presidents of the united states of america,clueweb12-0209wb-17-04186,3,the presidents of the united states of america_politics_states,,,
windows,clueweb12-0108wb-07-23008,3,windows_operating system_version,,,
windows,clueweb12-0411wb-13-05269,3,windows_operating system_version,,,
windows,clueweb12-0207wb-46-07061,3,windows_house_architecture,,,
windows,clueweb12-1306wb-07-14641,2,windows_house_architecture,,,
windows,clueweb12-0200tw-69-08490,3,windows_house_architecture,,,
windows,clueweb12-0207wb-30-23138,3,windows_house_architecture,,,
windows,clueweb12-0900tw-79-05437,3,windows_software_program,,,
windows,clueweb12-0500wb-37-00484,3,windows_operating system_version,,,
windows,clueweb12-0606wb-15-08333,3,windows_house_architecture,,,
windows,clueweb12-0104wb-82-08703,3,windows_operating system_version,,,
windows,clueweb12-0816wb-20-16089,3,windows_operating system_version,,,
windows,clueweb12-0714wb-66-10601,3,windows_house_architecture,,,
windows,clueweb12-0104wb-99-00055,3,windows_operating system_version,,,
windows,clueweb12-0705wb-23-22090,3,windows_operating system_version,,,
windows,clueweb12-1306wb-34-18672,3,windows_house_architecture,,,
windows,clueweb12-0207wb-38-09318,3,windows_house_architecture,,,
windows,clueweb12-1212wb-71-05755,3,windows_software_update,,,
windows,clueweb12-0206wb-17-10779,3,windows_house_architecture,windows_house_type,,
windows,clueweb12-1306wb-43-10112,3,windows_house_architecture,,,
windows,clueweb12-0207wb-93-06416,3,windows_house_architecture,,,
windows,clueweb12-0815wb-67-14959,3,windows_operating system_version,,,
windows,clueweb12-1805wb-97-16417,3,windows_house_architecture,,,
windows,clueweb12-1805wb-43-26057,3,windows_house_architecture,,,
windows,clueweb12-0406wb-58-23581,3,windows_software_program,,,
prophet,clueweb12-0401wb-00-24844,3,prophet_religion_muslim,,,
prophet,clueweb12-0209wb-34-02730,3,prophet_religion_muslim,,,
prophet,clueweb12-0111wb-47-21462,3,prophet_religion_christian,,,
prophet,clueweb12-0906wb-59-23208,3,prophet_religion_christian,,,
prophet,clueweb12-1803wb-65-30120,3,prophet_comics_book,,,
prophet,clueweb12-1505wb-80-28295,3,prophet_religion_muslim,,,
prophet,clueweb12-1803wb-55-12277,3,prophet_comics_book,,,
prophet,clueweb12-1712wb-46-02465,3,prophet_religion_muslim,,,
prophet,clueweb12-1803wb-87-07184,3,prophet_comics_book,,,
prophet,clueweb12-0107wb-28-04031,3,,,,
prophet,clueweb12-1908wb-13-02020,2,prophet_comics_book,,,
prophet,clueweb12-0904wb-49-07846,3,prophet_religion_christian,,,
prophet,clueweb12-0112wb-11-24098,2,prophet_religion_christian,,,
prophet,clueweb12-0306wb-52-00013,3,prophet_religion_muslim,,,
prophet,clueweb12-0907wb-66-28849,3,prophet_religion_muslim,,,
prophet,clueweb12-0207wb-87-08297,3,prophet_religion_christian,,,
prophet,clueweb12-1100wb-83-16482,3,prophet_religion_muslim,,,
prophet,clueweb12-0403wb-07-01312,3,prophet_religion_muslim,,,
prophet,clueweb12-0104wb-96-28632,3,prophet_comics_book,,,
prophet,clueweb12-1913wb-82-13502,3,prophet_religion_christian,,,
prophet,clueweb12-1803wb-66-11153,3,prophet_comics_book,,,
prophet,clueweb12-0500wb-34-26508,3,prophet_religion_christian,,,
prophet,clueweb12-0411wb-40-26569,2,prophet_religion_christian,,,
prophet,clueweb12-1801wb-16-22736,3,prophet_religion_christian,,,
prophet,clueweb12-0201wb-72-13657,3,prophet_religion_christian,,,
prophet,clueweb12-0711wb-07-10803,3,prophet_religion_muslim,,,
prophet,clueweb12-0208wb-90-27738,3,prophet_religion_christian,,,
prophet,clueweb12-1410wb-92-12055,3,prophet_religion_muslim,,,
prophet,clueweb12-1215wb-76-25306,3,prophet_religion_muslim,,,
prophet,clueweb12-0901wb-52-25586,3,prophet_religion_muslim,,,
prophet,clueweb12-1012wb-27-00057,3,prophet_religion_christian,,,
prophet,clueweb12-0300tw-09-17398,3,prophet_religion_muslim,,,
prophet,clueweb12-0907wb-18-10192,3,prophet_religion_muslim,,,
prophet,clueweb12-1908wb-75-10271,3,prophet_religion_muslim,,,
gold,clueweb12-0916wb-03-21728,3,gold_facts_information,,,
gold,clueweb12-0301wb-16-02458,3,gold_company_number,,,
gold,clueweb12-0300tw-97-06174,3,gold_characteristics_physical ,,,
gold,clueweb12-0401wb-94-32424,3,gold_facts_products,gold_characteristics_physical ,,
gold,clueweb12-0917wb-92-19002,3,gold_company_standard,,,
gold,clueweb12-1411wb-12-13800,3,gold_facts_products,,,
gold,clueweb12-1316wb-24-14049,2,gold_characteristics_physical ,gold_facts_products,,
gold,clueweb12-0716wb-14-22683,2,gold_facts_products,,,
gold,clueweb12-1802wb-54-02352,3,gold_facts_products,,,
gold,clueweb12-0205wb-49-26382,3,gold_characteristics_physical ,gold_facts_products,,
gold,clueweb12-0917wb-57-11645,3,gold_company_standard,,,
gold,clueweb12-0915wb-38-23493,3,gold_facts_products,,,
gold,clueweb12-0713wb-57-01842,3,gold_price_industry,gold_facts_products,,
gold,clueweb12-0407wb-03-27405,3,gold_facts_products,gold_characteristics_physical ,,
gold,clueweb12-0105wb-74-12918,3,gold_facts_products,gold_characteristics_physical ,,
gold,clueweb12-1500tw-99-15800,3,gold_company_standard,,,
gold,clueweb12-0500tw-32-14454,3,gold_facts_products,gold_characteristics_physical ,,
gold,clueweb12-0903wb-40-04046,3,gold_facts_products,,,
gold,clueweb12-0918wb-01-12927,3,gold_company_standard,,,
gold,clueweb12-0903wb-22-00751,3,gold_facts_products,,,
gold,clueweb12-0110wb-76-18631,3,gold_company_standard,,,
gold,clueweb12-1205wb-86-17054,3,gold_facts_products,,,
gold,clueweb12-1900tw-66-11025,3,gold_price_industry,,,
gold,clueweb12-1411wb-10-23558,3,gold_facts_information,gold_characteristics_physical ,,
gold,clueweb12-1500tw-98-13313,3,gold_company_standard,,,
gold,clueweb12-1411wb-12-13786,3,gold_facts_products,,,
gold,clueweb12-0002wb-53-11124,3,gold_facts_products,,,
owl,clueweb12-1019wb-57-21917,3,owl_tattoo_design,,,
owl,clueweb12-0007wb-66-21799,3,owl_animal_anatomy,,,
owl,clueweb12-1215wb-43-07960,3,owl_company_industry,,,
owl,clueweb12-0408wb-68-14892,2,owl_animal_facts,,,
owl,clueweb12-0911wb-44-00070,3,owl_animal_facts,,,
owl,clueweb12-0002wb-43-32292,3,owl_animal_facts,,,
owl,clueweb12-1215wb-43-07974,3,owl_animal_media,owl_company_industry,,
owl,clueweb12-0408wb-46-18585,3,owl_animal_facts,owl_animal_media,,
owl,clueweb12-0403wb-86-23687,3,owl_animal_media,owl_education_writing,,
owl,clueweb12-0508wb-00-06654,3,owl_education_writing,owl_animal_facts,,
owl,clueweb12-0304wb-02-01931,3,owl_tattoo_design,owl_animal_facts,,
owl,clueweb12-0012wb-47-16229,3,owl_animal_media,,,
owl,clueweb12-0206wb-71-20396,3,owl_animal_facts,,,
owl,clueweb12-1400wb-60-06720,3,owl_animal_facts,,,
owl,clueweb12-0611wb-92-19277,3,owl_animal_anatomy,,,
owl,clueweb12-1315wb-65-18058,3,owl_animal_facts,,,
owl,clueweb12-0104wb-57-28914,3,owl_animal_facts,,,
owl,clueweb12-0107wb-14-15113,3,owl_animal_facts,,,
owl,clueweb12-0112wb-65-19302,3,owl_animal_media,owl_company_industry,,
owl,clueweb12-0709wb-86-15514,3,owl_animal_media,,,
owl,clueweb12-0700wb-18-08133,3,owl_tattoo_design,,,
owl,clueweb12-0013wb-56-14587,3,owl_animal_facts,,,
owl,clueweb12-1616wb-82-05425,3,owl_tattoo_design,,,
owl,clueweb12-0408wb-46-18599,3,owl_animal_facts,,,
owl,clueweb12-1800wb-93-04133,3,owl_animal_facts,,,
owl,clueweb12-0013wb-18-10095,3,owl_animal_facts,,,
owl,clueweb12-0700tw-37-17612,2,owl_animal_facts,,,
owl,clueweb12-1615wb-44-07826,3,owl_music_information,,,
owl,clueweb12-0817wb-46-26768,3,owl_animal_facts,,,
owl,clueweb12-1315wb-71-12091,3,owl_animal_media,,,
adobe,clueweb12-0409wb-85-08512,3,adobe_software_desktop apps,,,
adobe,clueweb12-1601wb-53-11914,3,adobe_software_desktop apps,,,
adobe,clueweb12-1514wb-79-22147,3,adobe_software_desktop apps,,,
adobe,clueweb12-1601wb-24-12687,3,adobe_software_desktop apps,,,
adobe,clueweb12-1601wb-42-10644,3,adobe_software_desktop apps,,,
adobe,clueweb12-1601wb-42-10630,3,adobe_software_desktop apps,,,
adobe,clueweb12-0002wb-59-09422,2,adobe_architecture_build,,,
adobe,clueweb12-0109wb-28-05716,3,adobe_architecture_build,,,
adobe,clueweb12-1307wb-46-16159,3,adobe_company_globe,,,
adobe,clueweb12-0703wb-44-16712,3,adobe_software_desktop apps,,,
adobe,clueweb12-0915wb-96-18240,2,adobe_software_desktop apps,,,
adobe,clueweb12-1600wb-36-27228,3,adobe_software_desktop apps,,,
adobe,clueweb12-1601wb-15-17517,3,adobe_software_desktop apps,,,
adobe,clueweb12-0712wb-29-16898,2,adobe_software_desktop apps,adobe_service_products,,
adobe,clueweb12-1902wb-11-21099,3,adobe_software_desktop apps,,,
adobe,clueweb12-0716wb-73-21844,3,adobe_company_globe,adobe_service_products,,
adobe,clueweb12-0409wb-47-09879,3,adobe_software_desktop apps,,,
legend,clueweb12-1810wb-88-15031,3,legend_game_video,,,
legend,clueweb12-0608wb-04-32762,3,legend_novel_name,,,
legend,clueweb12-1614wb-25-01950,2,legend_car_manufacture,legend_car_facts,,
legend,clueweb12-0603wb-42-28584,3,legend_novel_name,,,
legend,clueweb12-1810wb-58-17283,3,legend_game_video,,,
legend,clueweb12-1814wb-00-29362,3,legend_game_information,legend_music_online,,
legend,clueweb12-1914wb-17-16889,2,legend_game_kids,,,
legend,clueweb12-1405wb-60-13264,3,legend_game_zelda,,,
legend,clueweb12-0010wb-21-02379,3,legend_movie_book,,,
legend,clueweb12-0011wb-92-32383,3,legend_game_zelda,,,
legend,clueweb12-1811wb-11-14739,3,legend_game_video,,,
legend,clueweb12-1601wb-85-12313,3,legend_music_entertainment,,,
legend,clueweb12-1810wb-67-03241,3,legend_game_video,,,
legend,clueweb12-0405wb-97-12158,3,legend_novel_name,,,
legend,clueweb12-0207wb-10-11285,3,legend_movie_novel,,,
legend,clueweb12-0308wb-34-27676,3,legend_game_patches,,,
legend,clueweb12-0501wb-98-28115,3,legend_movie_film,,,
legend,clueweb12-1805wb-51-16455,3,,,,
legend,clueweb12-0201wb-39-05741,3,legend_movie_film,,,
legend,clueweb12-0102wb-49-00156,2,legend_novel_book,,,
legend,clueweb12-0304wb-38-21968,3,legend_movie_film,,,
legend,clueweb12-1904wb-59-17565,3,legend_game_patches,,,
legend,clueweb12-0917wb-68-00799,3,,,,
legend,clueweb12-0005wb-53-10390,3,legend_game_information,,,
legend,clueweb12-1700tw-02-09334,3,legend_movie_film,,,
legend,clueweb12-1601wb-98-24894,3,legend_game_equipment,,,
legend,clueweb12-0404wb-96-19048,3,legend_game_equipment,,,
legend,clueweb12-1405wb-67-23444,3,legend_game_video,,,
legend,clueweb12-1305wb-02-16090,2,legend_movie_film,,,
legend,clueweb12-1600wb-55-16796,3,legend_car_manufacture,,,
legend,clueweb12-0201wb-19-08239,3,legend_novel_name,,,
legend,clueweb12-1101wb-62-04860,3,legend_game_patches,,,
legend,clueweb12-1811wb-63-07386,3,legend_game_video,,,
legend,clueweb12-1315wb-74-24626,3,legend_movie_film,,,
legend,clueweb12-0109wb-58-28594,3,,,,
legend,clueweb12-0300wb-75-26001,3,legend_game_zelda,,,
beijing subways,clueweb12-0405wb-44-18750,2,beijing subways_information_transportation,,,
beijing subways,clueweb12-0208wb-04-22912,2,beijing subways_information_transportation,,,
beijing subways,clueweb12-1911wb-91-22541,3,beijing subways_information_transportation,,,
beijing subways,clueweb12-0105wb-17-17170,3,beijing subways_information_transportation,beijing subways_information_destination,,
beijing subways,clueweb12-1806wb-48-14079,2,beijing subways_information_transportation,beijing subways_information_destination,,
beijing subways,clueweb12-0918wb-51-28367,3,beijing subways_game_app,,,
beijing subways,clueweb12-0708wb-96-01019,3,beijing subways_information_destination,beijing subways_information_transportation,,
beijing subways,clueweb12-0705wb-13-07997,2,beijing subways_information_transportation,,,
beijing subways,clueweb12-0402wb-43-07526,3,beijing subways_information_destination,beijing subways_information_facts,,
beijing subways,clueweb12-1900wb-78-22858,3,beijing subways_information_transportation,,,
beijing subways,clueweb12-0108wb-31-15945,3,beijing subways_information_transportation,,,
beijing subways,clueweb12-0401wb-45-30289,3,beijing subways_information_transportation,,,
camera,clueweb12-1201wb-27-22244,3,camera_information_type,,,
camera,clueweb12-1601wb-48-16689,3,camera_model_type,,,
camera,clueweb12-0311wb-91-30870,3,camera_model_type,,,
camera,clueweb12-0409wb-75-07117,3,camera_model_type,,,
camera,clueweb12-1504wb-63-20724,3,camera_model_type,,,
camera,clueweb12-0507wb-08-18838,3,camera_information_type,,,
camera,clueweb12-1506wb-16-26447,3,camera_information_accessories,,,
camera,clueweb12-0111wb-21-32039,2,camera_information_accessories,,,
camera,clueweb12-0107wb-63-18682,3,camera_model_type,camera_model_manufacturer,,
camera,clueweb12-1310wb-53-05900,3,camera_model_type,,,
camera,clueweb12-0211wb-91-00154,3,camera_model_type,,,
camera,clueweb12-1802wb-00-19470,3,camera_model_type,,,
camera,clueweb12-1907wb-34-22024,3,camera_information_accessories,camera_model_type,,
camera,clueweb12-0305wb-31-30338,3,camera_model_manufacturer,camera_model_type,,
camera,clueweb12-0713wb-02-05759,2,camera_model_type,,,
camera,clueweb12-1310wb-18-04447,3,camera_model_type,,,
camera,clueweb12-1602wb-71-31979,3,camera_model_type,,,
camera,clueweb12-1900wb-34-16159,3,camera_model_type,,,
camera,clueweb12-0408wb-70-19124,3,camera_model_type,,,
camera,clueweb12-1505wb-15-04788,3,camera_information_accessories,,,
camera,clueweb12-0211wb-18-05533,3,camera_model_type,camera_information_type,,
camera,clueweb12-0408wb-75-29697,3,camera_model_manufacturer,camera_model_type,,
camera,clueweb12-0107wb-91-28542,3,camera_model_type,,,
camera,clueweb12-0604wb-84-31351,3,camera_model_type,,,
camera,clueweb12-0009wb-36-19619,3,camera_model_type,,,
camera,clueweb12-1316wb-52-32252,3,camera_model_type,camera_information_social media,,
camera,clueweb12-1815wb-04-07442,3,camera_information_accessories,camera_model_type,,
camera,clueweb12-1005wb-89-07514,3,camera_information_accessories,camera_model_type,,
camera,clueweb12-0607wb-77-28492,3,camera_model_type,,,
camera,clueweb12-0211wb-22-31742,3,camera_model_type,camera_information_accessories,,
camera,clueweb12-1006wb-54-09358,3,camera_information_accessories,camera_model_type,,
camera,clueweb12-1008wb-61-12631,3,camera_model_type,,,
camera,clueweb12-0605wb-68-09604,3,camera_model_type,,,
free dvd burner,clueweb12-1909wb-19-14388,3,free dvd burner_software_application,,,
free dvd burner,clueweb12-0109wb-49-15864,3,free dvd burner_platform_operating system,,,
free dvd burner,clueweb12-0301wb-87-33858,3,free dvd burner_platform_operating system,,,
free dvd burner,clueweb12-0701wb-13-25784,2,free dvd burner_software_application,free dvd burner_platform_operating system,,
free dvd burner,clueweb12-1909wb-44-14565,3,free dvd burner_software_type,,,
free dvd burner,clueweb12-0305wb-48-17160,2,free dvd burner_software_type,,,
free dvd burner,clueweb12-0605wb-78-19233,2,free dvd burner_software_type,free dvd burner_software_freeware,,
free dvd burner,clueweb12-1416wb-59-25942,3,free dvd burner_software_freeware,,,
free dvd burner,clueweb12-1404wb-89-16336,3,free dvd burner_software_freeware,,,
free dvd burner,clueweb12-0310wb-34-22763,3,free dvd burner_software_type,free dvd burner_software_application,,
free dvd burner,clueweb12-1416wb-56-27916,3,free dvd burner_software_type,,,
free dvd burner,clueweb12-0305wb-23-16908,2,free dvd burner_software_freeware,free dvd burner_software_type,,
free dvd burner,clueweb12-0408wb-60-08339,2,free dvd burner_software_type,,,
free dvd burner,clueweb12-0309wb-26-28100,3,free dvd burner_software_freeware,free dvd burner_software_type,,
free dvd burner,clueweb12-1909wb-23-10928,3,free dvd burner_software_freeware,,,
free dvd burner,clueweb12-1715wb-62-15862,3,free dvd burner_software_freeware,,,
free dvd burner,clueweb12-0112wb-20-02534,3,free dvd burner_software_freeware,free dvd burner_software_type,,
free dvd burner,clueweb12-1007wb-91-11378,3,free dvd burner_software_freeware,,,
free dvd burner,clueweb12-0409wb-70-28375,2,free dvd burner_software_type,,,
free dvd burner,clueweb12-0601wb-07-18524,3,free dvd burner_software_freeware,,,
free dvd burner,clueweb12-0204wb-21-09616,2,free dvd burner_software_application,,,
free dvd burner,clueweb12-1909wb-67-24794,2,free dvd burner_software_type,,,
free dvd burner,clueweb12-1505wb-68-10257,2,free dvd burner_software_freeware,free dvd burner_software_type,,
free dvd burner,clueweb12-1807wb-80-28283,2,free dvd burner_software_application,,,
free dvd burner,clueweb12-1306wb-45-19626,2,free dvd burner_software_freeware,,,
free dvd burner,clueweb12-1214wb-20-13854,2,free dvd burner_software_type,free dvd burner_software_freeware,,
free dvd burner,clueweb12-0507wb-21-12166,3,free dvd burner_software_freeware,,,
free dvd burner,clueweb12-0208wb-00-16304,2,free dvd burner_software_freeware,,,
free dvd burner,clueweb12-0814wb-82-15886,2,free dvd burner_software_application,,,
free dvd burner,clueweb12-1813wb-96-22242,2,free dvd burner_software_application,,,
lost season 5,clueweb12-0004wb-52-33206,2,lost season 5_online_media,,,
lost season 5,clueweb12-1715wb-70-16363,2,lost season 5_download_video,,,
lost season 5,clueweb12-1313wb-85-13717,3,lost season 5_online_media,,,
lost season 5,clueweb12-0403wb-02-32627,3,lost season 5_online_media,,,
lost season 5,clueweb12-1206wb-15-16422,3,lost season 5_online_information,,,
lost season 5,clueweb12-0402wb-88-06926,3,lost season 5_online_information,,,
lost season 5,clueweb12-1811wb-21-17301,3,lost season 5_online_media,,,
lost season 5,clueweb12-0402wb-55-09374,3,lost season 5_online_media,,,
lost season 5,clueweb12-0300tw-47-20270,3,lost season 5_download_video,,,
lost season 5,clueweb12-1001wb-19-03230,3,lost season 5_download_video,,,
lost season 5,clueweb12-0408wb-78-22469,3,lost season 5_online_media,,,
lost season 5,clueweb12-1400wb-61-05940,3,lost season 5_online_media,,,
lost season 5,clueweb12-1611wb-18-19617,2,lost season 5_download_video,,,
lost season 5,clueweb12-1116wb-76-23133,3,lost season 5_online_information,,,
lost season 5,clueweb12-0005wb-65-29617,3,lost season 5_online_media,,,
lost season 5,clueweb12-1600wb-82-14149,2,lost season 5_online_information,,,
lost season 5,clueweb12-0005wb-77-29691,3,lost season 5_online_media,,,
lost season 5,clueweb12-0210wb-64-30635,3,lost season 5_online_information,,,
lost season 5,clueweb12-0209wb-96-14303,3,lost season 5_download_video,,,
lost season 5,clueweb12-1316wb-41-13622,3,lost season 5_online_media,,,
lost season 5,clueweb12-0608wb-76-24996,3,lost season 5_online_media,,,
lost season 5,clueweb12-0004wb-65-15868,2,lost season 5_online_information,,,
mobile phones,clueweb12-1715wb-05-15897,3,mobile phones_brand_manufacturer,,,
mobile phones,clueweb12-1814wb-41-04847,3,mobile phones_brand_manufacturer,,,
mobile phones,clueweb12-0910wb-37-16780,3,mobile phones_service_features,,,
mobile phones,clueweb12-0207wb-63-17026,3,mobile phones_brand_manufacturer,,,
mobile phones,clueweb12-1117wb-65-26528,3,mobile phones_service_features,mobile phones_service_providers,,
mobile phones,clueweb12-0604wb-85-08007,3,mobile phones_brand_manufacturer,,,
mobile phones,clueweb12-0209wb-59-21457,3,mobile phones_brand_manufacturer,,,
mobile phones,clueweb12-0302wb-72-18839,3,mobile phones_information_usage,mobile phones_service_features,,
mobile phones,clueweb12-1712wb-08-07907,3,mobile phones_information_usage,,,
mobile phones,clueweb12-0210wb-25-29374,3,mobile phones_brand_manufacturer,,,
mobile phones,clueweb12-1116wb-59-15742,3,mobile phones_brand_manufacturer,mobile phones_information_sales,,
mobile phones,clueweb12-0508wb-81-24554,2,mobile phones_brand_manufacturer,,,
mobile phones,clueweb12-0210wb-00-14763,3,mobile phones_brand_manufacturer,,,
mobile phones,clueweb12-1706wb-09-04399,3,mobile phones_brand_manufacturer,,,
mobile phones,clueweb12-0604wb-84-25336,3,mobile phones_brand_manufacturer,,,
mobile phones,clueweb12-0209wb-67-27800,3,mobile phones_brand_manufacturer,mobile phones_service_features,,
mobile phones,clueweb12-1114wb-84-04338,3,mobile phones_brand_manufacturer,,,
mobile phones,clueweb12-0909wb-01-11319,3,mobile phones_service_features,mobile phones_information_Operating System,,
mobile phones,clueweb12-0405wb-81-20249,2,mobile phones_service_features,,,
mobile phones,clueweb12-0813wb-25-21556,3,mobile phones_brand_manufacturer,mobile phones_service_features,,
mobile phones,clueweb12-1315wb-37-00273,3,mobile phones_brand_manufacturer,,,
mobile phones,clueweb12-0909wb-38-17752,3,mobile phones_service_features,mobile phones_brand_manufacturer,,
mobile phones,clueweb12-0605wb-36-13845,3,mobile phones_brand_manufacturer,mobile phones_service_features,,
mobile phones,clueweb12-0605wb-49-04821,3,mobile phones_brand_manufacturer,,,
mobile phones,clueweb12-0606wb-88-28842,3,mobile phones_brand_manufacturer,,,
mobile phones,clueweb12-0805wb-86-11387,2,mobile phones_brand_manufacturer,mobile phones_service_features,,
mobile phones,clueweb12-1117wb-11-21031,3,mobile phones_brand_manufacturer,,,
mobile phones,clueweb12-0604wb-92-16682,3,mobile phones_brand_manufacturer,,,
mobile phones,clueweb12-0207wb-71-08293,3,mobile phones_brand_manufacturer,,,
mobile phones,clueweb12-0409wb-96-12140,3,mobile phones_brand_manufacturer,,,
mobile phones,clueweb12-0607wb-64-06194,3,mobile phones_brand_manufacturer,,,
mobile phones,clueweb12-0811wb-43-02373,3,mobile phones_brand_manufacturer,,,
mobile phones,clueweb12-0508wb-72-23081,2,mobile phones_brand_manufacturer,mobile phones_service_features,,
programming languages,clueweb12-0310wb-41-14054,3,programming languages_taxonomy_information,,,
programming languages,clueweb12-0111wb-48-32943,3,programming languages_history_computer language,,,
programming languages,clueweb12-0102wb-74-11811,3,programming languages_history_computer language,,,
programming languages,clueweb12-1009wb-20-25102,2,programming languages_history_computer language,,,
programming languages,clueweb12-1704wb-54-25596,3,programming languages_history_computer language,,,
programming languages,clueweb12-0803wb-66-03546,3,programming languages_taxonomy_education,programming languages_history_computer language,,
programming languages,clueweb12-0010wb-77-06266,2,programming languages_taxonomy_education,programming languages_history_computer language,,
programming languages,clueweb12-0404wb-89-25160,2,programming languages_history_computer language,,,
programming languages,clueweb12-1110wb-44-09094,3,programming languages_history_computer language,,,
programming languages,clueweb12-0918wb-28-07722,3,programming languages_particular language_components,programming languages_taxonomy_education,,
programming languages,clueweb12-1200wb-84-31204,3,programming languages_history_computer language,,,
programming languages,clueweb12-1811wb-88-10073,3,programming languages_history_computer language,,,
programming languages,clueweb12-0309wb-32-30865,3,programming languages_history_computer language,,,
programming languages,clueweb12-1404wb-78-21461,3,programming languages_history_computer language,,,
programming languages,clueweb12-1613wb-26-30918,3,programming languages_history_computer language,,,
programming languages,clueweb12-1801wb-08-28021,2,programming languages_history_computer language,,,
programming languages,clueweb12-1004wb-87-11732,2,programming languages_history_computer language,,,
programming languages,clueweb12-1703wb-90-05963,3,programming languages_history_development,,,
programming languages,clueweb12-1801wb-78-10167,3,programming languages_history_computer language,,,
programming languages,clueweb12-0404wb-95-08276,3,programming languages_history_computer language,,,
programming languages,clueweb12-1713wb-93-07148,3,programming languages_history_computer language,,,
programming languages,clueweb12-1312wb-89-13047,3,programming languages_history_computer language,,,
programming languages,clueweb12-1707wb-31-26659,2,programming languages_history_computer language,,,
programming languages,clueweb12-0505wb-67-06406,3,programming languages_history_computer language,,,
programming languages,clueweb12-0404wb-58-21336,2,programming languages_history_computer language,,,
programming languages,clueweb12-1800wb-84-01439,3,programming languages_history_computer language,,,
programming languages,clueweb12-0201wb-89-15869,3,programming languages_history_computer language,,,
programming languages,clueweb12-1504wb-20-09808,3,programming languages_history_computer language,,,
programming languages,clueweb12-0917wb-86-10457,3,programming languages_history_computer language,,,
tom cruise,clueweb12-0403wb-18-18203,3,tom cruise_news_life,tom cruise_news_latest news,,
tom cruise,clueweb12-0101wb-16-24416,2,tom cruise_book_biography,,,
tom cruise,clueweb12-1904wb-54-08662,3,tom cruise_biography_pictures,,,
tom cruise,clueweb12-0505wb-93-31831,3,tom cruise_business_entertainment,,,
tom cruise,clueweb12-0308wb-09-25300,3,tom cruise_biography_facts,,,
tom cruise,clueweb12-0200tw-95-02169,3,,,,
tom cruise,clueweb12-0307wb-83-23875,3,tom cruise_biography_facts,,,
tom cruise,clueweb12-0107wb-77-02604,3,tom cruise_news_latest news,tom cruise_business_entertainment,,
tom cruise,clueweb12-0200tw-58-10917,3,tom cruise_business_entertainment,,,
tom cruise,clueweb12-1808wb-23-12767,3,tom cruise_news_life,,,
tom cruise,clueweb12-1307wb-83-04894,3,tom cruise_business_entertainment,,,
tom cruise,clueweb12-0907wb-58-08719,3,tom cruise_news_latest news,,,
tom cruise,clueweb12-0410wb-45-17601,3,tom cruise_news_life,,,
tom cruise,clueweb12-1214wb-87-27168,3,tom cruise_movie_films stuff,,,
tom cruise,clueweb12-1900tw-04-12216,3,tom cruise_biography_pictures,tom cruise_biography_facts,,
tom cruise,clueweb12-1900tw-01-02574,3,tom cruise_business_entertainment,tom cruise_movie_famous,,
tom cruise,clueweb12-0303wb-98-06538,3,tom cruise_news_latest news,,,
tom cruise,clueweb12-0003wb-73-21797,3,tom cruise_movie_films latest,,,
tom cruise,clueweb12-0000wb-49-28704,3,tom cruise_biography_facts,tom cruise_news_life,,
tom cruise,clueweb12-1811wb-56-13486,3,tom cruise_biography_facts,,,
tom cruise,clueweb12-1716wb-01-15181,3,tom cruise_business_entertainment,,,
tom cruise,clueweb12-0800tw-34-00676,3,tom cruise_news_latest news,tom cruise_business_entertainment,,
tom cruise,clueweb12-0301wb-39-06339,3,tom cruise_news_latest news,tom cruise_business_entertainment,,
tom cruise,clueweb12-0406wb-68-11241,3,tom cruise_biography_family,tom cruise_biography_facts,,
tom cruise,clueweb12-1903wb-95-17185,2,tom cruise_business_associates,,,
tom cruise,clueweb12-1112wb-12-22560,2,tom cruise_biography_pictures,,,
tom cruise,clueweb12-0716wb-47-13253,3,tom cruise_biography_facts,tom cruise_biography_career,,
tom cruise,clueweb12-1409wb-67-17631,2,tom cruise_biography_family,,,
tom cruise,clueweb12-0300wb-36-31689,3,tom cruise_news_latest news,,,
tom cruise,clueweb12-0103wb-97-00771,3,,,,
tom cruise,clueweb12-0600wb-42-24902,3,tom cruise_news_latest news,,,
tom cruise,clueweb12-0806wb-33-09806,3,tom cruise_news_latest news,,,
tom cruise,clueweb12-0704wb-79-13094,3,tom cruise_news_latest news,,,
top ipad games,clueweb12-0700tw-64-00290,2,top ipad games_wallpapers_downloads,,,
top ipad games,clueweb12-1019wb-13-13675,2,top ipad games_apps_best games,,,
top ipad games,clueweb12-1200tw-55-17221,2,top ipad games_apps_apple,,,
top ipad games,clueweb12-1410wb-19-11022,2,top ipad games_wallpapers_downloads,,,
top ipad games,clueweb12-1411wb-96-07925,2,top ipad games_wallpapers_downloads,,,
top ipad games,clueweb12-0511wb-19-24014,2,top ipad games_apps_best games,,,
top ipad games,clueweb12-0011wb-00-11715,2,top ipad games_wallpapers_downloads,,,
top ipad games,clueweb12-1208wb-75-25275,2,top ipad games_apps_apple,,,
top ipad games,clueweb12-0009wb-19-14204,2,top ipad games_apps_apple,,,
top ipad games,clueweb12-0401wb-54-01269,2,top ipad games_apps_apple,,,
top ipad games,clueweb12-0808wb-75-13568,3,top ipad games_apps_best games,,,
top ipad games,clueweb12-1012wb-17-30902,3,top ipad games_apps_best games,,,
top ipad games,clueweb12-1000tw-29-05481,3,top ipad games_apps_apple,,,
top ipad games,clueweb12-1707wb-84-07939,2,top ipad games_apps_apple,,,
top ipad games,clueweb12-1613wb-02-02256,2,top ipad games_apps_kids,,,
top ipad games,clueweb12-1018wb-62-04850,3,top ipad games_apps_best games,,,
top ipad games,clueweb12-1914wb-00-27131,3,top ipad games_apps_best games,,,
top ipad games,clueweb12-1010wb-27-27781,3,top ipad games_apps_best games,,,
top ipad games,clueweb12-1012wb-55-01539,3,top ipad games_free_apple games,,,
top ipad games,clueweb12-1011wb-64-18307,3,top ipad games_apps_apple,,,
top ipad games,clueweb12-0600tw-24-21940,3,top ipad games_apps_best games,,,
top ipad games,clueweb12-1500tw-89-04434,3,top ipad games_free_apple games,,,
top ipad games,clueweb12-1212wb-00-27681,2,top ipad games_apps_apple,,,
top ipad games,clueweb12-1011wb-40-30288,3,top ipad games_apps_apple,,,
top ipad games,clueweb12-1107wb-29-17163,2,top ipad games_wallpapers_downloads,,,
top ipad games,clueweb12-1614wb-20-12828,2,top ipad games_apps_best games,,,
top ipad games,clueweb12-1613wb-37-00161,3,top ipad games_apps_best games,,,
top ipad games,clueweb12-1013wb-04-06713,3,top ipad games_apps_best games,,,
top ipad games,clueweb12-1700tw-58-19098,2,top ipad games_wallpapers_downloads,,,
watches,clueweb12-1505wb-69-13327,3,watches_brand_watch maker,,,
watches,clueweb12-1806wb-21-15908,3,watches_category_all,,,
watches,clueweb12-1503wb-40-21112,3,watches_brand_watch maker,,,
watches,clueweb12-1901wb-31-05604,3,watches_brand_watch maker,,,
watches,clueweb12-1706wb-30-11057,3,watches_category_designer,,,
watches,clueweb12-1214wb-72-28414,3,watches_category_all,watches_brand_watch maker,,
watches,clueweb12-0004wb-75-09369,3,watches_category_sex,,,
watches,clueweb12-1808wb-91-08209,3,watches_category_all,,,
watches,clueweb12-0305wb-60-11602,3,watches_brand_watch maker,watches_category_type,,
watches,clueweb12-1502wb-99-04075,3,watches_brand_watch maker,,,
watches,clueweb12-1900wb-51-15302,3,watches_category_all,watches_brand_watch maker,,
watches,clueweb12-0704wb-28-22682,3,watches_brand_watch maker,,,
watches,clueweb12-1616wb-68-23402,2,,,,
watches,clueweb12-0914wb-70-27275,3,watches_category_sex,,,
watches,clueweb12-0302wb-53-25788,3,watches_brand_watch maker,,,
watches,clueweb12-1410wb-81-14731,3,watches_category_sex,,,
watches,clueweb12-1203wb-33-15575,3,watches_brand_watch maker,,,
watches,clueweb12-0100wb-63-20837,2,watches_adornment_accesories,,,
watches,clueweb12-1411wb-96-09637,3,watches_category_sex,,,
watches,clueweb12-0107wb-97-10946,3,watches_category_sex,,,
watches,clueweb12-1408wb-92-01237,3,watches_category_sex,,,
watches,clueweb12-1503wb-29-28659,3,watches_brand_watch maker,,,
watches,clueweb12-1212wb-96-03392,3,watches_brand_watch maker,,,
watches,clueweb12-0711wb-75-28089,3,watches_category_quality,watches_category_sex,,
watches,clueweb12-0303wb-17-02674,3,watches_category_manufacturer,,,
watches,clueweb12-0917wb-00-13243,3,watches_category_sex,,,
watches,clueweb12-1812wb-21-15964,3,watches_brand_watch maker,,,
watches,clueweb12-1503wb-77-14223,3,watches_brand_watch maker,,,
watches,clueweb12-1814wb-10-29177,3,watches_brand_watch maker,,,
watches,clueweb12-0818wb-51-09371,3,watches_brand_watch maker,,,
watches,clueweb12-1410wb-55-16291,3,watches_category_sex,,,
thai specialties,clueweb12-0909wb-25-02352,3,thai specialties_restaurant_special food,,,
thai specialties,clueweb12-0909wb-66-00630,3,thai specialties_restaurant_special food,,,
thai specialties,clueweb12-0300wb-20-31010,3,thai specialties_specialties_location,,,
thai specialties,clueweb12-1312wb-93-06354,2,thai specialties_restaurant_special food,,,
thai specialties,clueweb12-0815wb-56-19301,3,thai specialties_food_dishes,thai specialties_restaurant_special food,,
thai specialties,clueweb12-0008wb-63-12156,3,thai specialties_specialties_meals,thai specialties_food_stores,,
thai specialties,clueweb12-1704wb-18-18217,3,thai specialties_food_dishes,,,
thai specialties,clueweb12-0505wb-48-12563,2,thai specialties_food_dishes,thai specialties_restaurant_special food,,
thai specialties,clueweb12-0805wb-52-03081,3,thai specialties_food_stores,thai specialties_specialties_location,,
thai specialties,clueweb12-1509wb-95-15581,3,thai specialties_food_dishes,,,
thai specialties,clueweb12-0309wb-00-03108,3,thai specialties_food_stores,,,
thai specialties,clueweb12-0804wb-90-18426,3,thai specialties_food_dishes,,,
thai specialties,clueweb12-0800wb-35-08552,2,thai specialties_specialties_location,,,
thai specialties,clueweb12-0813wb-72-24943,3,thai specialties_restaurant_special food,,,
thai specialties,clueweb12-0301wb-81-34165,3,thai specialties_food_dishes,,,
thai specialties,clueweb12-0302wb-12-19473,2,thai specialties_specialties_asian,,,
scientific american,clueweb12-0206wb-55-25775,3,scientific american_magazine_online,,,
scientific american,clueweb12-0801wb-68-07044,3,scientific american_series_learning,,,
scientific american,clueweb12-1209wb-78-13097,3,scientific american_products_article,,,
scientific american,clueweb12-0200tw-31-00363,3,scientific american_magazine_readers,scientific american_products_article,,
scientific american,clueweb12-1000tw-33-17803,3,scientific american_magazine_online,,,
scientific american,clueweb12-0800tw-66-00519,3,scientific american_products_article,scientific american_magazine_online,,
scientific american,clueweb12-0200tw-08-07156,3,scientific american_magazine_online,,,
scientific american,clueweb12-0112wb-21-28400,2,scientific american_products_article,,,
scientific american,clueweb12-1001wb-05-03718,3,scientific american_products_article,,,
scientific american,clueweb12-0501wb-49-12317,3,scientific american_series_book,,,
scientific american,clueweb12-1511wb-69-20221,3,scientific american_products_article,scientific american_magazine_online,,
scientific american,clueweb12-0715wb-73-05330,3,scientific american_magazine_online,,,
scientific american,clueweb12-1216wb-99-28767,2,scientific american_magazine_online,,,
scientific american,clueweb12-0310wb-41-22652,2,scientific american_magazine_online,,,
scientific american,clueweb12-0801wb-99-07404,3,scientific american_products_article,,,
scientific american,clueweb12-0400wb-20-33122,3,scientific american_products_article,,,
scientific american,clueweb12-0013wb-21-22427,3,scientific american_products_article,,,
scientific american,clueweb12-0200tw-50-06907,2,scientific american_magazine_online,,,
scientific american,clueweb12-1700tw-38-10063,2,scientific american_magazine_online,scientific american_products_article,,
scientific american,clueweb12-1511wb-66-22144,2,scientific american_jobs_work places,,,
scientific american,clueweb12-0900tw-76-02001,3,scientific american_magazine_sales,scientific american_magazine_online,,
scientific american,clueweb12-0603wb-39-30448,3,scientific american_magazine_online,,,
scientific american,clueweb12-0500tw-05-01438,3,scientific american_magazine_sales,scientific american_magazine_online,,
scientific american,clueweb12-0400wb-84-05664,3,scientific american_magazine_online,scientific american_products_article,,
scientific american,clueweb12-1000wb-40-01813,3,scientific american_products_digital,,,
scientific american,clueweb12-1907wb-41-23291,3,scientific american_magazine_online,scientific american_products_article,,
persian cat,clueweb12-0301wb-93-14397,3,persian cat_category_cat care,persian cat_animal_description,,
persian cat,clueweb12-0010wb-85-10695,3,persian cat_animal_description,,,
persian cat,clueweb12-0300wb-05-14184,2,persian cat_animal_description,,,
persian cat,clueweb12-0501wb-68-12504,3,persian cat_animal_description,,,
persian cat,clueweb12-0302wb-94-31382,3,persian cat_category_cat care,persian cat_animal_sale,,
persian cat,clueweb12-1201wb-85-08858,2,persian cat_animal_sale,,,
persian cat,clueweb12-0011wb-02-22562,3,persian cat_category_introduction,persian cat_animal_description,,
persian cat,clueweb12-1311wb-13-19654,2,persian cat_animal_pet care,,,
persian cat,clueweb12-0300wb-08-35174,3,persian cat_animal_description,,,
persian cat,clueweb12-0108wb-23-15757,3,persian cat_category_media,persian cat_animal_description,,
persian cat,clueweb12-0204wb-90-09708,2,persian cat_animal_pet care,,,
persian cat,clueweb12-1412wb-03-20385,3,persian cat_category_introduction,,,
persian cat,clueweb12-1615wb-43-10645,2,persian cat_category_cat care,,,
persian cat,clueweb12-0201wb-99-20123,3,persian cat_animal_description,,,
persian cat,clueweb12-0208wb-16-15585,3,persian cat_animal_description,persian cat_category_media,,
persian cat,clueweb12-0911wb-14-04598,3,persian cat_animal_sale,,,
persian cat,clueweb12-0300wb-17-19664,3,persian cat_category_cat care,,,
persian cat,clueweb12-0211wb-70-10374,3,persian cat_category_cat care,,,
persian cat,clueweb12-0202wb-16-00657,3,persian cat_animal_description,,,
persian cat,clueweb12-0700tw-22-02060,2,persian cat_category_media,,,
persian cat,clueweb12-0400tw-94-13527,2,persian cat_category_media,,,
persian cat,clueweb12-0207wb-79-24076,3,persian cat_animal_description,,,
persian cat,clueweb12-1811wb-53-17793,2,persian cat_category_cat care,,,
persian cat,clueweb12-0211wb-75-24413,3,persian cat_animal_sale,,,
persian cat,clueweb12-0716wb-84-04425,2,persian cat_category_media,,,
persian cat,clueweb12-0211wb-54-16990,3,persian cat_animal_sale,,,
persian cat,clueweb12-1114wb-76-29041,3,persian cat_animal_sale,,,
persian cat,clueweb12-1117wb-80-21855,2,persian cat_animal_sale,,,
persian cat,clueweb12-0211wb-48-02519,3,persian cat_animal_sale,,,
persian cat,clueweb12-0300wb-28-05128,3,persian cat_animal_sale,,,
bathtub,clueweb12-1805wb-81-08906,3,bathtub_manufacturer_china,,,
bathtub,clueweb12-1508wb-36-39825,3,bathtub_contents_types,bathtub_manufacturer_china,,
bathtub,clueweb12-1611wb-71-12921,3,bathtub_manufacturer_brands,bathtub_manufacturer_china,,
bathtub,clueweb12-0300tw-22-01637,3,bathtub_manufacturer_accesories,,,
bathtub,clueweb12-1416wb-59-06402,3,bathtub_manufacturer_china,,,
bathtub,clueweb12-0708wb-99-14784,3,bathtub_manufacturer_repair,,,
bathtub,clueweb12-1501wb-20-32616,3,bathtub_manufacturer_brands,bathtub_contents_types,,
bathtub,clueweb12-0004wb-75-18582,3,bathtub_contents_types,bathtub_manufacturer_brands,,
bathtub,clueweb12-1501wb-77-07799,3,bathtub_manufacturer_brands,bathtub_contents_types,,
bathtub,clueweb12-0707wb-00-29425,3,bathtub_manufacturer_sterling,,,
bathtub,clueweb12-1113wb-39-10171,3,bathtub_manufacturer_supplier,bathtub_contents_appearance,,
bathtub,clueweb12-1501wb-99-24087,3,bathtub_manufacturer_brands,,,
bathtub,clueweb12-1200wb-75-04588,3,bathtub_manufacturer_supplier,bathtub_contents_appearance,,
bathtub,clueweb12-0710wb-33-03619,3,bathtub_manufacturer_repair,,,
bathtub,clueweb12-1105wb-56-07672,3,bathtub_manufacturer_supplier,,,
bathtub,clueweb12-0605wb-40-14431,3,bathtub_contents_appearance,bathtub_manufacturer_sterling,,
bathtub,clueweb12-1314wb-92-13958,3,bathtub_manufacturer_history,bathtub_manufacturer_information,,
bathtub,clueweb12-1903wb-42-21217,3,bathtub_manufacturer_repair,,,
bathtub,clueweb12-0816wb-62-13175,3,bathtub_manufacturer_modern,bathtub_manufacturer_accesories,,
bathtub,clueweb12-1101wb-91-28416,2,bathtub_contents_appearance,,,
bathtub,clueweb12-1201wb-25-06972,3,bathtub_manufacturer_brands,bathtub_contents_appearance,,
bathtub,clueweb12-1205wb-03-21583,3,bathtub_manufacturer_supplier,,,
bathtub,clueweb12-1205wb-30-01118,3,bathtub_manufacturer_supplier,,,
bathtub,clueweb12-1205wb-74-09708,3,bathtub_manufacturer_supplier,,,
bathtub,clueweb12-1614wb-04-03082,3,bathtub_manufacturer_accesories,,,
bathtub,clueweb12-0809wb-11-14142,2,bathtub_manufacturer_refinishing,,,
bathtub,clueweb12-1615wb-43-17633,3,bathtub_manufacturer_refinishing,,,
bathtub,clueweb12-0209wb-99-09882,3,bathtub_manufacturer_refinishing,bathtub_manufacturer_supplier,,
bathtub,clueweb12-1102wb-86-26804,2,bathtub_manufacturer_sterling,bathtub_contents_appearance,,
bathtub,clueweb12-0816wb-95-14512,3,bathtub_contents_types,,,
bathtub,clueweb12-0208wb-60-01217,3,bathtub_contents_types,,,
bathtub,clueweb12-1500wb-13-13279,3,bathtub_contents_types,bathtub_manufacturer_brands,,
bathtub,clueweb12-0013wb-06-16837,3,bathtub_contents_types,,,
bathtub,clueweb12-0109wb-94-32001,3,bathtub_contents_types,bathtub_manufacturer_brands,,
bathtub,clueweb12-1501wb-17-22914,3,bathtub_manufacturer_supplier,,,
bathtub,clueweb12-1200tw-76-09107,3,bathtub_manufacturer_refinishing,,,
wedding ring,clueweb12-0800tw-70-06490,3,wedding ring_design_band material,,,
wedding ring,clueweb12-0105wb-63-20376,3,wedding ring_design_band material,,,
wedding ring,clueweb12-0704wb-07-13653,3,wedding ring_design_stone,,,
wedding ring,clueweb12-1707wb-81-06715,3,wedding ring_design_styles,,,
wedding ring,clueweb12-1806wb-72-26070,2,wedding ring_tradition_ceremony,wedding ring_tradition_unique,,
wedding ring,clueweb12-0110wb-35-33389,3,wedding ring_design_band material,,,
wedding ring,clueweb12-0204wb-15-29150,3,wedding ring_design_styles,wedding ring_design_Jewelry store,,
wedding ring,clueweb12-0109wb-09-03210,3,wedding ring_design_band material,,,
wedding ring,clueweb12-1507wb-55-14996,3,wedding ring_tradition_unique,,,
wedding ring,clueweb12-1507wb-21-08074,3,wedding ring_tradition_bands,wedding ring_tradition_unique,,
wedding ring,clueweb12-1706wb-63-16947,3,wedding ring_tradition_bands,,,
wedding ring,clueweb12-0703wb-83-11672,2,wedding ring_tradition_unique,wedding ring_tradition_religion,,
wedding ring,clueweb12-0704wb-99-06163,3,wedding ring_design_Jewelry store,,,
wedding ring,clueweb12-0508wb-74-32014,3,wedding ring_tradition_mens,,,
wedding ring,clueweb12-0509wb-89-03666,3,wedding ring_design_styles,wedding ring_tradition_unique,,
wedding ring,clueweb12-1309wb-46-08520,2,wedding ring_tradition_accessories,,,
wedding ring,clueweb12-0102wb-81-05215,3,wedding ring_design_styles,wedding ring_design_Jewelry store,,
wedding ring,clueweb12-0501wb-98-13601,3,wedding ring_design_band material,wedding ring_tradition_bands,,
wedding ring,clueweb12-1209wb-08-10405,3,wedding ring_tradition_mens,,,
wedding ring,clueweb12-0007wb-74-24464,3,wedding ring_design_band material,,,
wedding ring,clueweb12-0212wb-13-27555,2,wedding ring_design_styles,,,
wedding ring,clueweb12-1509wb-45-22465,2,wedding ring_design_band material,,,
wedding ring,clueweb12-0808wb-70-15019,3,wedding ring_design_styles,wedding ring_tradition_bands,,
wedding ring,clueweb12-0703wb-75-05036,3,wedding ring_design_styles,,,
samsung,clueweb12-0208wb-81-13228,3,samsung_product_electronics,,,
samsung,clueweb12-1315wb-18-16969,3,samsung_mobile_accessories,,,
samsung,clueweb12-0510wb-54-04237,3,samsung_product_electronics,,,
samsung,clueweb12-0208wb-64-26031,3,samsung_product_electronics,,,
samsung,clueweb12-0208wb-95-34747,3,samsung_product_electronics,,,
samsung,clueweb12-0716wb-54-00673,3,samsung_mobile_accessories,,,
samsung,clueweb12-0503wb-26-04623,3,samsung_product_electronics,,,
samsung,clueweb12-0510wb-44-24277,3,samsung_mobile_accessories,,,
samsung,clueweb12-1904wb-24-32009,3,samsung_mobile_phone,,,
samsung,clueweb12-1102wb-60-03265,3,samsung_mobile_phone,,,
samsung,clueweb12-0203wb-79-01861,3,samsung_product_electronics,,,
samsung,clueweb12-0208wb-87-23618,3,samsung_product_electronics,,,
samsung,clueweb12-0511wb-06-28463,3,samsung_mobile_accessories,,,
samsung,clueweb12-1113wb-21-01870,3,samsung_mobile_phone,,,
samsung,clueweb12-1909wb-23-15741,3,samsung_mobile_galaxy,,,
samsung,clueweb12-0208wb-73-09703,3,samsung_mobile_phone,,,
samsung,clueweb12-0208wb-37-11187,3,samsung_product_electronics,,,
samsung,clueweb12-0510wb-96-10852,3,samsung_product_electronics,,,
samsung,clueweb12-0208wb-94-11188,3,samsung_mobile_phone,samsung_product_electronics,,
samsung,clueweb12-0208wb-46-11666,3,samsung_product_electronics,,,
samsung,clueweb12-0510wb-96-10866,3,samsung_product_electronics,,,
samsung,clueweb12-1705wb-00-27080,3,samsung_tv_model,samsung_tv_sales,,
samsung,clueweb12-0100wb-19-16112,3,samsung_mobile_accessories,,,
samsung,clueweb12-0409wb-85-26883,3,samsung_product_electronics,,,
samsung,clueweb12-0705wb-16-05412,3,samsung_product_business,,,
samsung,clueweb12-0510wb-67-04795,3,samsung_product_electronics,,,
samsung,clueweb12-0208wb-48-08547,3,samsung_product_electronics,,,
samsung,clueweb12-1005wb-29-33114,3,samsung_product_electronics,,,
samsung,clueweb12-0510wb-31-32373,3,samsung_product_electronics,,,
samsung,clueweb12-0210wb-98-07623,3,samsung_product_electronics,samsung_mobile_accessories,,
samsung,clueweb12-0208wb-73-09717,3,samsung_product_electronics,,,
samsung,clueweb12-0209wb-90-19735,3,samsung_product_electronics,,,
samsung,clueweb12-0510wb-88-09624,3,samsung_product_electronics,,,
samsung,clueweb12-0011wb-85-11605,3,samsung_mobile_competitor,,,
samsung,clueweb12-1000wb-28-04660,2,samsung_mobile_phone,samsung_product_business,,
the hunger games,clueweb12-1200tw-04-09583,3,the hunger games_movie_release,,,
the hunger games,clueweb12-1709wb-41-12082,3,the hunger games_movie_website,,,
the hunger games,clueweb12-0004wb-29-12811,3,the hunger games_movie_release,the hunger games_movie_advertisement,,
the hunger games,clueweb12-1900tw-46-06962,3,the hunger games_novel_information,,,
the hunger games,clueweb12-1800tw-58-08774,3,the hunger games_movie_review,the hunger games_novel_fans,,
the hunger games,clueweb12-1711wb-84-13732,2,the hunger games_movie_website,,,
the hunger games,clueweb12-1406wb-39-26635,3,the hunger games_novel_characters,,,
the hunger games,clueweb12-1203wb-93-33907,3,the hunger games_movie_review,,,
the hunger games,clueweb12-1400tw-48-21513,3,the hunger games_movie_review,,,
the hunger games,clueweb12-1715wb-26-10312,3,the hunger games_movie_website,,,
the hunger games,clueweb12-1614wb-45-06170,3,the hunger games_movie_advertisement,,,
the hunger games,clueweb12-1100tw-27-12384,3,the hunger games_movie_advertisement,,,
the hunger games,clueweb12-0400tw-26-15473,3,the hunger games_novel_information,the hunger games_novel_book,,
the hunger games,clueweb12-1116wb-85-27368,3,the hunger games_movie_review,,,
the hunger games,clueweb12-1406wb-87-11593,3,the hunger games_novel_book,the hunger games_novel_information,,
the hunger games,clueweb12-1200tw-55-06664,3,the hunger games_movie_advertisement,the hunger games_novel_characters,,
the hunger games,clueweb12-0301wb-58-23950,3,the hunger games_novel_book,,,
the hunger games,clueweb12-1202wb-84-19322,3,the hunger games_novel_book,,,
the hunger games,clueweb12-1713wb-03-01868,2,the hunger games_novel_information,the hunger games_novel_characters,,
the hunger games,clueweb12-1600tw-38-15709,3,the hunger games_movie_release,the hunger games_novel_information,,
the hunger games,clueweb12-1303wb-55-01351,3,the hunger games_novel_characters,the hunger games_movie_advertisement,,
the hunger games,clueweb12-1304wb-05-25788,3,the hunger games_movie_advertisement,,,
the hunger games,clueweb12-1713wb-14-01697,2,the hunger games_novel_characters,,,
the hunger games,clueweb12-0901tw-07-02220,3,the hunger games_novel_fans,the hunger games_novel_characters,,
the hunger games,clueweb12-1505wb-16-24319,3,the hunger games_movie_release,,,
the hunger games,clueweb12-0800tw-87-09690,3,the hunger games_novel_details,,,
the hunger games,clueweb12-1501wb-40-07858,3,the hunger games_movie_website,,,
the hunger games,clueweb12-1305wb-45-05498,3,the hunger games_novel_book,,,
the hunger games,clueweb12-1711wb-79-08165,2,the hunger games_novel_characters,the hunger games_novel_information,,
the hunger games,clueweb12-1304wb-09-10803,3,the hunger games_movie_advertisement,,,
the hunger games,clueweb12-0910wb-12-07459,3,the hunger games_movie_review,the hunger games_novel_fans,,
the hunger games,clueweb12-1302wb-96-15119,3,the hunger games_movie_advertisement,,,
the hunger games,clueweb12-1217wb-81-30907,3,the hunger games_novel_characters,,,
the hunger games,clueweb12-0600tw-40-08555,3,the hunger games_novel_details,the hunger games_novel_book,,
harry potter,clueweb12-1400tw-48-17405,3,harry potter book_reading,,,
harry potter,clueweb12-1614wb-36-07554,3,harry potter games_quiz,,,
harry potter,clueweb12-0600wb-54-13490,3,,,,
harry potter,clueweb12-1315wb-28-23869,1,,,,
harry potter,clueweb12-1513wb-01-01964,2,harry potter film_cast,,,
harry potter,clueweb12-1613wb-56-03786,3,harry potter film_cast,,,
harry potter,clueweb12-0800tw-67-17216,3,harry potter book_reading,,,
harry potter,clueweb12-1702wb-41-10345,2,harry potter film_information,,,
harry potter,clueweb12-1614wb-71-05358,3,harry potter film_cast,,,
harry potter,clueweb12-0102wb-38-13941,3,,,,
harry potter,clueweb12-1612wb-92-15903,3,harry potter film_cast,,,
harry potter,clueweb12-0002wb-85-14138,3,harry potter games_others,,,
harry potter,clueweb12-0004wb-75-10181,3,harry potter series_title,harry potter series_information,,
harry potter,clueweb12-0107wb-63-14788,3,harry potter film_information,harry potter book_character,,
harry potter,clueweb12-0914wb-46-23946,3,,,,
harry potter,clueweb12-1208wb-48-12912,3,harry potter series_title,,,
harry potter,clueweb12-0106wb-85-01427,3,,,,
harry potter,clueweb12-1614wb-85-28693,3,harry potter film_cast,,,
harry potter,clueweb12-1209wb-05-21663,2,harry potter series_title,,,
harry potter,clueweb12-0009wb-20-04960,3,harry potter games_quiz,,,
harry potter,clueweb12-1315wb-18-08313,1,,,,
harry potter,clueweb12-0308wb-90-19076,3,harry potter film_watch,,,
harry potter,clueweb12-1315wb-27-05627,1,,,,
harry potter,clueweb12-1614wb-91-27114,3,harry potter film_cast,,,
harry potter,clueweb12-1801wb-64-18269,3,harry potter book_scene,harry potter book_reading,,
harry potter,clueweb12-0006wb-22-03253,3,harry potter film_watch,,,
harry potter,clueweb12-1412wb-25-15600,0,,,,
harry potter,clueweb12-0305wb-09-09450,2,harry potter film_information,,,
harry potter,clueweb12-0305wb-40-20070,3,harry potter film_information,,,
harry potter,clueweb12-1801wb-32-18835,3,harry potter book_scene,harry potter book_reading,,
harry potter,clueweb12-1407wb-40-24038,3,harry potter series_title,harry potter series_information,,
harry potter,clueweb12-0002wb-43-33482,3,harry potter series_title,harry potter series_information,,
harry potter,clueweb12-0909wb-20-00476,1,harry potter film_cast,,,
harry potter,clueweb12-0603wb-21-09864,2,,,,
harry potter,clueweb12-0405wb-79-02346,3,harry potter series_title,harry potter series_information,,
harry potter,clueweb12-0100tw-29-02077,3,harry potter games_others,,,